"field_id","category","field_name","purpose","description","assessment_year","financial_year","record_level_field","matching_key_role","source_name","source_url","source_reference","verification_status"
"F26-001","Tax Deducted at Source (TDS)","Tax Deducted at Source (TDS)","tax_credit_or_reconciliation","Public Form 26AS category documented by the Income Tax Department; no taxpayer information.","2026-27","2025-26","YES","tax_credit","View Tax Credit Mismatch FAQs","https://www.incometax.gov.in/iec/foportal/help/e-filing-manage-tax-credit-mismatch-faq?mobile-app=1","Q1 What is Form 26AS?","VERIFIED"
"F26-002","Tax Collected at Source (TCS)","Tax Collected at Source (TCS)","tax_credit_or_reconciliation","Public Form 26AS category documented by the Income Tax Department; no taxpayer information.","2026-27","2025-26","YES","tax_credit","View Tax Credit Mismatch FAQs","https://www.incometax.gov.in/iec/foportal/help/e-filing-manage-tax-credit-mismatch-faq?mobile-app=1","Q1 What is Form 26AS?","VERIFIED"
"F26-003","Advance Tax / Self-Assessment Tax / Regular Assessment Tax deposited","Advance Tax / Self-Assessment Tax / Regular Assessment Tax deposited","tax_credit_or_reconciliation","Public Form 26AS category documented by the Income Tax Department; no taxpayer information.","2026-27","2025-26","YES","supporting","View Tax Credit Mismatch FAQs","https://www.incometax.gov.in/iec/foportal/help/e-filing-manage-tax-credit-mismatch-faq?mobile-app=1","Q1 What is Form 26AS?","VERIFIED"
"F26-004","Refund received during a financial year","Refund received during a financial year","tax_credit_or_reconciliation","Public Form 26AS category documented by the Income Tax Department; no taxpayer information.","2026-27","2025-26","YES","supporting","View Tax Credit Mismatch FAQs","https://www.incometax.gov.in/iec/foportal/help/e-filing-manage-tax-credit-mismatch-faq?mobile-app=1","Q1 What is Form 26AS?","VERIFIED"
"F26-005","Specified Financial Transactions (SFT)","Specified Financial Transactions (SFT)","tax_credit_or_reconciliation","Public Form 26AS category documented by the Income Tax Department; no taxpayer information.","2026-27","2025-26","YES","supporting","View Tax Credit Mismatch FAQs","https://www.incometax.gov.in/iec/foportal/help/e-filing-manage-tax-credit-mismatch-faq?mobile-app=1","Q1 What is Form 26AS?","VERIFIED"
"F26-006","TDS on sale of immovable property under section 194IA","TDS on sale of immovable property under section 194IA","tax_credit_or_reconciliation","Public Form 26AS category documented by the Income Tax Department; no taxpayer information.","2026-27","2025-26","YES","tax_credit","View Tax Credit Mismatch FAQs","https://www.incometax.gov.in/iec/foportal/help/e-filing-manage-tax-credit-mismatch-faq?mobile-app=1","Q1 What is Form 26AS?","VERIFIED"
"F26-007","TDS defaults","TDS defaults","tax_credit_or_reconciliation","Public Form 26AS category documented by the Income Tax Department; no taxpayer information.","2026-27","2025-26","YES","tax_credit","View Tax Credit Mismatch FAQs","https://www.incometax.gov.in/iec/foportal/help/e-filing-manage-tax-credit-mismatch-faq?mobile-app=1","Q1 What is Form 26AS?","VERIFIED"
"F26-008","Demand and refund information","Demand and refund information","tax_credit_or_reconciliation","Public Form 26AS category documented by the Income Tax Department; no taxpayer information.","2026-27","2025-26","YES","supporting","View Tax Credit Mismatch FAQs","https://www.incometax.gov.in/iec/foportal/help/e-filing-manage-tax-credit-mismatch-faq?mobile-app=1","Q1 What is Form 26AS?","VERIFIED"
"F26-009","Pending and completed proceedings","Pending and completed proceedings","tax_credit_or_reconciliation","Public Form 26AS category documented by the Income Tax Department; no taxpayer information.","2026-27","2025-26","YES","supporting","View Tax Credit Mismatch FAQs","https://www.incometax.gov.in/iec/foportal/help/e-filing-manage-tax-credit-mismatch-faq?mobile-app=1","Q1 What is Form 26AS?","VERIFIED"
