"deduction_id","assessment_year","financial_year","section","rule_name","tax_regime","eligible_taxpayer","income_category","maximum_limit","limit_amount","rate_percent","calculation_basis","calculation_method","condition_code","required_input_fields","conditions","required_evidence","evidence_id","source_name","source_url","source_reference"
"DED-001","2026-27","2025-26","80C","section_80C_deduction","old","individual or HUF","eligible savings and investments","150000","150000",,"eligible qualifying payments subject to the section 80C limit","minimum_of_eligible_amount_and_limit","section_80C","eligible_payment_amount;payment_category","Only qualifying investments or payments listed in section 80C; aggregate cap applies under section 80CCE.","Investment or premium payment receipt","EV-011","Income Tax Department - Section 80C","https://www.incometaxindia.gov.in/w/section-80c-43","Section 80C and section 80CCE"
"DED-002","2026-27","2025-26","80D","section_80D_deduction","old","individual or HUF","self and family health insurance","25000","25000",,"eligible premium paid otherwise than in cash","minimum_of_eligible_amount_and_limit","section_80D","insured_person_age;premium_paid;payment_mode;relationship","Self family premium where insured person is not a senior citizen.","Investment or premium payment receipt","EV-017","Income Tax Department - Section 80D","https://www.incometaxindia.gov.in/w/section-80d-62","Section 80D"
"DED-003","2026-27","2025-26","80D","section_80D_deduction","old","individual or HUF","self and family health insurance","50000","50000",,"eligible premium paid otherwise than in cash","minimum_of_eligible_amount_and_limit","section_80D","insured_person_age;premium_paid;payment_mode;relationship","Self family premium where insured person is a senior citizen.","Investment or premium payment receipt","EV-017","Income Tax Department - Section 80D","https://www.incometaxindia.gov.in/w/section-80d-62","Section 80D"
"DED-004","2026-27","2025-26","80D","section_80D_deduction","old","individual or HUF","parents health insurance","25000","25000",,"eligible premium paid otherwise than in cash","minimum_of_eligible_amount_and_limit","section_80D","insured_person_age;premium_paid;payment_mode;relationship","Parents premium where parent is not a senior citizen; separate from self and family limit.","Investment or premium payment receipt","EV-017","Income Tax Department - Section 80D","https://www.incometaxindia.gov.in/w/section-80d-62","Section 80D"
"DED-005","2026-27","2025-26","80D","section_80D_deduction","old","individual or HUF","parents health insurance","50000","50000",,"eligible premium paid otherwise than in cash","minimum_of_eligible_amount_and_limit","section_80D","insured_person_age;premium_paid;payment_mode;relationship","Parents premium where parent is a senior citizen; separate from self and family limit.","Investment or premium payment receipt","EV-017","Income Tax Department - Section 80D","https://www.incometaxindia.gov.in/w/section-80d-62","Section 80D"
"DED-006","2026-27","2025-26","80G","section_80G_deduction","old","individual or HUF","eligible donations","SEE_SECTION",,,"50 percent or 100 percent of qualifying donation","eligible_donation_times_statutory_percentage","section_80G","eligible_amount","Rate and any 10 percent of adjusted gross total income ceiling depend on the donee category specified in section 80G.","Donation Receipt","EV-010","Income Tax Department - Section 80G","https://www.incometaxindia.gov.in/w/section-80g-53","Section 80G"
"DED-007","2026-27","2025-26","24(a)","section_24(a)_deduction","old","property owner","income from house property","30 percent of annual value",,"30","statutory deduction from annual value","net_annual_value_times_rate","section_24_a_","gross_rent;municipal_taxes_paid;property_use","Applies to income from house property as provided by section 24(a).","House Rent Receipt & Rental Agreement","EV-008","Income Tax Department - Income from House Property","https://www.incometaxindia.gov.in/w/income-from-house-property","Section 24(a)"
"DED-008","2026-27","2025-26","24(b)","section_24(b)_deduction","old","property owner","self-occupied house property interest","200000","200000",,"eligible interest on borrowed capital","eligible_borrowed_capital_interest_capped_by_limit","section_24_b_","property_use;loan_purpose;loan_date;completion_date;interest_paid","Acquisition or construction loan borrowed on or after 1999-04-01 and completed within five years; subject to section conditions.","Housing Loan Interest Certificate","EV-007","Income Tax Department - Income from House Property","https://www.incometaxindia.gov.in/w/income-from-house-property","Section 24(b)"
"DED-009","2026-27","2025-26","24(b)","section_24(b)_deduction","old","property owner","self-occupied house property interest","30000","30000",,"eligible interest on borrowed capital","eligible_borrowed_capital_interest_capped_by_limit","section_24_b_","property_use;loan_purpose;loan_date;completion_date;interest_paid","Self-occupied property where the Rs.200000 acquisition or construction conditions are not met.","Housing Loan Interest Certificate","EV-007","Income Tax Department - Income from House Property","https://www.incometaxindia.gov.in/w/income-from-house-property","Section 24(b)"
"DED-010","2026-27","2025-26","24(b)","section_24(b)_deduction","old","property owner","let-out house property interest","actual eligible interest",,,"interest on borrowed capital","eligible_borrowed_capital_interest_capped_by_limit","section_24_b_","property_use;loan_purpose;loan_date;completion_date;interest_paid","For let-out property subject to the provisions of section 24(b); loss set-off treatment is outside this rule record.","Housing Loan Interest Certificate","EV-007","Income Tax Department - Income from House Property","https://www.incometaxindia.gov.in/w/income-from-house-property","Section 24(b)"
"DED-011","2026-27","2025-26","16(ia)","standard_deduction_salary_old_regime","old","individual","salary","50000","50000",,"lower of salary income and statutory amount","minimum_of_salary_income_and_limit","salary_income_old_regime","gross_salary","Available to a salaried taxpayer under the old regime.","Form 16; Pay Slip","EV-001","Income Tax Department - New Tax vs Old Tax Regime FAQs","https://www.incometax.gov.in/iec/foportal/help/new-tax-vs-old-tax-regime-faqs?mobile-app=1","Standard deduction old regime"
"DED-012","2026-27","2025-26","16(ia)","standard_deduction_salary_new_regime","new","individual","salary","75000","75000",,"lower of salary income and statutory amount","minimum_of_salary_income_and_limit","salary_income_new_regime","gross_salary","Available to employee under new regime for AY 2026-27.","Form 16; Pay Slip","EV-001","CBDT - ITR-1 Validation Rules AY 2026-27","https://www.incometax.gov.in/iec/foportal/sites/default/files/2026-05/CBDT_e-Filing_ITR%201_Validation%20Rules_AY%202026-27.pdf","Standard deduction u/s 16(ia) employee limit Rs.75000"
"DED-013","2026-27","2025-26","80TTA","savings_account_interest_deduction","old","individual or HUF other than senior citizen","bank_interest","10000","10000",,"lower of eligible savings interest and statutory amount","minimum_of_savings_interest_and_limit","non_senior_savings_interest","savings_interest;age_category","Does not apply to a senior citizen.","Bank Statement","EV-006","Income Tax Department - Various Deductions","https://wmstatic-prd.incometaxindia.gov.in/documents/20117/42998/Various-Deductions-under-the-Income-tax-Act_2026-01-16_04-53-13_71850f_en.pdf/59b2d422-4fa8-42bc-fabe-4ac2a1bc7e87?download=true&t=1774435195154&version=1.0","Section 80TTA maximum Rs.10000"
"DED-014","2026-27","2025-26","80TTB","senior_citizen_deposit_interest_deduction","old","resident senior citizen","bank_interest","50000","50000",,"lower of eligible deposit interest and statutory amount","minimum_of_deposit_interest_and_limit","resident_senior_citizen_interest","deposit_interest;age_category;residency","Applicable to resident senior citizen.","Bank Statement","EV-006","Income Tax Department - Various Deductions","https://wmstatic-prd.incometaxindia.gov.in/documents/20117/42998/Various-Deductions-under-the-Income-tax-Act_2026-01-16_04-53-13_71850f_en.pdf/59b2d422-4fa8-42bc-fabe-4ac2a1bc7e87?download=true&t=1774435195154&version=1.0","Section 80TTB maximum Rs.50000"
"DED-015","2026-27","2025-26","71","house_property_loss_setoff","old","individual","income from house property","200000","200000",,"current-year house-property loss set-off cap","minimum_of_current_year_house_property_loss_and_limit","house_property_loss_current_year","house_property_income_or_loss;other_head_income","Apply statutory set-off cap; carry-forward is outside the supported scope.","House Rent Receipt; Rental Agreement; Housing Loan Interest Certificate","EV-008","CBDT - ITR-2 Validation Rules AY 2026-27","https://www.incometax.gov.in/iec/foportal/sites/default/files/2026-05/CBDT__e-Filing_ITR%202_Validation%20Rules_AY%202026-27_V1.0.pdf","Schedule HP validation and current-year house-property workflow"
