"data_type","synthetic_source","document_id","user_id","document_type","document_type_id","status","linked_event_type","linked_event_id","evidence_id"
"synthetic","generated_for_testing","DOC00001","USR0001","Tax Payment Challan","DOC-T-015","uploaded","tax_payment","PAY0051","EV-016"
"synthetic","generated_for_testing","DOC00002","USR0002","Tax Payment Challan","DOC-T-015","uploaded","tax_payment","PAY0052","EV-016"
"synthetic","generated_for_testing","DOC00003","USR0003","Tax Payment Challan","DOC-T-015","uploaded","tax_payment","PAY0053","EV-016"
"synthetic","generated_for_testing","DOC00004","USR0004","Contract Note or Broker Statement","DOC-T-014","uploaded","capital_gain","CG0004","EV-015"
"synthetic","generated_for_testing","DOC00005","USR0005","Tax Payment Challan","DOC-T-015","uploaded","tax_payment","PAY0055","EV-016"
"synthetic","generated_for_testing","DOC00006","USR0006","Tax Payment Challan","DOC-T-015","uploaded","tax_payment","PAY0056","EV-016"
"synthetic","generated_for_testing","DOC00007","USR0007","Tax Payment Challan","DOC-T-015","uploaded","tax_payment","PAY0057","EV-016"
"synthetic","generated_for_testing","DOC00008","USR0008","Contract Note or Broker Statement","DOC-T-014","uploaded","capital_gain","CG0008","EV-015"
"synthetic","generated_for_testing","DOC00009","USR0009","Tax Payment Challan","DOC-T-015","uploaded","tax_payment","PAY0059","EV-016"
"synthetic","generated_for_testing","DOC00010","USR0010","Tax Payment Challan","DOC-T-015","uploaded","tax_payment","PAY0060","EV-016"
"synthetic","generated_for_testing","DOC00011","USR0011","Tax Payment Challan","DOC-T-015","uploaded","tax_payment","PAY0061","EV-016"
"synthetic","generated_for_testing","DOC00012","USR0012","Contract Note or Broker Statement","DOC-T-014","uploaded","capital_gain","CG0012","EV-015"
"synthetic","generated_for_testing","DOC00013","USR0013","Tax Payment Challan","DOC-T-015","uploaded","tax_payment","PAY0063","EV-016"
"synthetic","generated_for_testing","DOC00014","USR0014","Tax Payment Challan","DOC-T-015","uploaded","tax_payment","PAY0064","EV-016"
"synthetic","generated_for_testing","DOC00015","USR0015","Tax Payment Challan","DOC-T-015","uploaded","tax_payment","PAY0065","EV-016"
"synthetic","generated_for_testing","DOC00016","USR0016","Contract Note or Broker Statement","DOC-T-014","uploaded","capital_gain","CG0016","EV-015"
"synthetic","generated_for_testing","DOC00017","USR0017","Tax Payment Challan","DOC-T-015","uploaded","tax_payment","PAY0067","EV-016"
"synthetic","generated_for_testing","DOC00018","USR0018","Tax Payment Challan","DOC-T-015","uploaded","tax_payment","PAY0068","EV-016"
"synthetic","generated_for_testing","DOC00019","USR0019","Tax Payment Challan","DOC-T-015","uploaded","tax_payment","PAY0069","EV-016"
"synthetic","generated_for_testing","DOC00020","USR0020","Contract Note or Broker Statement","DOC-T-014","uploaded","capital_gain","CG0020","EV-015"
"synthetic","generated_for_testing","DOC00021","USR0021","Tax Payment Challan","DOC-T-015","uploaded","tax_payment","PAY0071","EV-016"
"synthetic","generated_for_testing","DOC00022","USR0022","Tax Payment Challan","DOC-T-015","uploaded","tax_payment","PAY0072","EV-016"
"synthetic","generated_for_testing","DOC00023","USR0023","Tax Payment Challan","DOC-T-015","uploaded","tax_payment","PAY0073","EV-016"
"synthetic","generated_for_testing","DOC00024","USR0024","Contract Note or Broker Statement","DOC-T-014","uploaded","capital_gain","CG0024","EV-015"
"synthetic","generated_for_testing","DOC00025","USR0025","Tax Payment Challan","DOC-T-015","uploaded","tax_payment","PAY0075","EV-016"
"synthetic","generated_for_testing","DOC00026","USR0026","Tax Payment Challan","DOC-T-015","uploaded","tax_payment","PAY0076","EV-016"
"synthetic","generated_for_testing","DOC00027","USR0027","Tax Payment Challan","DOC-T-015","uploaded","tax_payment","PAY0077","EV-016"
"synthetic","generated_for_testing","DOC00028","USR0028","Contract Note or Broker Statement","DOC-T-014","uploaded","capital_gain","CG0028","EV-015"
"synthetic","generated_for_testing","DOC00029","USR0029","Tax Payment Challan","DOC-T-015","uploaded","tax_payment","PAY0079","EV-016"
"synthetic","generated_for_testing","DOC00030","USR0030","Tax Payment Challan","DOC-T-015","uploaded","tax_payment","PAY0080","EV-016"
"synthetic","generated_for_testing","DOC00031","USR0031","Tax Payment Challan","DOC-T-015","uploaded","tax_payment","PAY0081","EV-016"
"synthetic","generated_for_testing","DOC00032","USR0032","Contract Note or Broker Statement","DOC-T-014","uploaded","capital_gain","CG0032","EV-015"
"synthetic","generated_for_testing","DOC00033","USR0033","Tax Payment Challan","DOC-T-015","uploaded","tax_payment","PAY0083","EV-016"
"synthetic","generated_for_testing","DOC00034","USR0034","Tax Payment Challan","DOC-T-015","uploaded","tax_payment","PAY0084","EV-016"
"synthetic","generated_for_testing","DOC00035","USR0035","Tax Payment Challan","DOC-T-015","uploaded","tax_payment","PAY0085","EV-016"
"synthetic","generated_for_testing","DOC00036","USR0036","Contract Note or Broker Statement","DOC-T-014","uploaded","capital_gain","CG0036","EV-015"
"synthetic","generated_for_testing","DOC00037","USR0037","Tax Payment Challan","DOC-T-015","uploaded","tax_payment","PAY0087","EV-016"
"synthetic","generated_for_testing","DOC00038","USR0038","Tax Payment Challan","DOC-T-015","uploaded","tax_payment","PAY0088","EV-016"
"synthetic","generated_for_testing","DOC00039","USR0039","Tax Payment Challan","DOC-T-015","uploaded","tax_payment","PAY0089","EV-016"
"synthetic","generated_for_testing","DOC00040","USR0040","Contract Note or Broker Statement","DOC-T-014","uploaded","capital_gain","CG0040","EV-015"
"synthetic","generated_for_testing","DOC00041","USR0041","Tax Payment Challan","DOC-T-015","uploaded","tax_payment","PAY0091","EV-016"
"synthetic","generated_for_testing","DOC00042","USR0042","Tax Payment Challan","DOC-T-015","uploaded","tax_payment","PAY0092","EV-016"
"synthetic","generated_for_testing","DOC00043","USR0043","Tax Payment Challan","DOC-T-015","uploaded","tax_payment","PAY0093","EV-016"
"synthetic","generated_for_testing","DOC00044","USR0044","Contract Note or Broker Statement","DOC-T-014","uploaded","capital_gain","CG0044","EV-015"
"synthetic","generated_for_testing","DOC00045","USR0045","Tax Payment Challan","DOC-T-015","uploaded","tax_payment","PAY0095","EV-016"
"synthetic","generated_for_testing","DOC00046","USR0046","Tax Payment Challan","DOC-T-015","uploaded","tax_payment","PAY0096","EV-016"
"synthetic","generated_for_testing","DOC00047","USR0047","Tax Payment Challan","DOC-T-015","uploaded","tax_payment","PAY0097","EV-016"
"synthetic","generated_for_testing","DOC00048","USR0048","Contract Note or Broker Statement","DOC-T-014","uploaded","capital_gain","CG0048","EV-015"
"synthetic","generated_for_testing","DOC00049","USR0049","Tax Payment Challan","DOC-T-015","uploaded","tax_payment","PAY0099","EV-016"
"synthetic","generated_for_testing","DOC00050","USR0050","Tax Payment Challan","DOC-T-015","uploaded","tax_payment","PAY0100","EV-016"
"synthetic","generated_for_testing","DOC00051","USR0001","Housing Loan Interest Certificate","DOC-T-007","uploaded","transaction","TXN00001","EV-007"
"synthetic","generated_for_testing","DOC00052","USR0002","House Rent Receipt","DOC-T-008","missing","transaction","TXN00002","EV-008"
"synthetic","generated_for_testing","DOC00053","USR0003","Rental Agreement","DOC-T-009","uploaded","transaction","TXN00003","EV-009"
"synthetic","generated_for_testing","DOC00054","USR0004","Tax Payment Challan","DOC-T-015","uploaded","tax_payment","PAY0054","EV-016"
"synthetic","generated_for_testing","DOC00055","USR0005","Investment or premium payment receipt","DOC-T-011","uploaded","deduction","DEDREC0017","EV-011"
"synthetic","generated_for_testing","DOC00056","USR0006","Form 16","DOC-T-001","missing","income_record","INC000601","EV-001"
"synthetic","generated_for_testing","DOC00057","USR0007","Form 16A","DOC-T-002","uploaded","income_record","INC000701","EV-002"
"synthetic","generated_for_testing","DOC00058","USR0008","Tax Payment Challan","DOC-T-015","uploaded","tax_payment","PAY0058","EV-016"
"synthetic","generated_for_testing","DOC00059","USR0009","AIS","DOC-T-004","uploaded","transaction","TXN00009","EV-004"
"synthetic","generated_for_testing","DOC00060","USR0010","Pay Slip","DOC-T-005","missing","income_record","INC001001","EV-005"
"synthetic","generated_for_testing","DOC00061","USR0011","Bank Statement","DOC-T-006","uploaded","income_record","INC001102","EV-006"
"synthetic","generated_for_testing","DOC00062","USR0012","Tax Payment Challan","DOC-T-015","uploaded","tax_payment","PAY0062","EV-016"
"synthetic","generated_for_testing","DOC00063","USR0013","House Rent Receipt","DOC-T-008","uploaded","transaction","TXN00013","EV-008"
"synthetic","generated_for_testing","DOC00064","USR0014","Rental Agreement","DOC-T-009","missing","transaction","TXN00014","EV-009"
"synthetic","generated_for_testing","DOC00065","USR0015","Donation Receipt","DOC-T-010","uploaded","deduction","DED0015","EV-010"
"synthetic","generated_for_testing","DOC00066","USR0016","Tax Payment Challan","DOC-T-015","uploaded","tax_payment","PAY0066","EV-016"
"synthetic","generated_for_testing","DOC00067","USR0017","Form 16","DOC-T-001","uploaded","income_record","INC001701","EV-001"
"synthetic","generated_for_testing","DOC00068","USR0018","Form 16A","DOC-T-002","missing","income_record","INC001801","EV-002"
"synthetic","generated_for_testing","DOC00069","USR0019","Form 26AS","DOC-T-003","uploaded","transaction","TXN00019","EV-003"
"synthetic","generated_for_testing","DOC00070","USR0020","Tax Payment Challan","DOC-T-015","uploaded","tax_payment","PAY0070","EV-016"
"synthetic","generated_for_testing","DOC00071","USR0021","Pay Slip","DOC-T-005","uploaded","income_record","INC002101","EV-005"
"synthetic","generated_for_testing","DOC00072","USR0022","Bank Statement","DOC-T-006","missing","income_record","INC002202","EV-006"
"synthetic","generated_for_testing","DOC00073","USR0023","Housing Loan Interest Certificate","DOC-T-007","uploaded","transaction","TXN00023","EV-007"
"synthetic","generated_for_testing","DOC00074","USR0024","Tax Payment Challan","DOC-T-015","uploaded","tax_payment","PAY0074","EV-016"
"synthetic","generated_for_testing","DOC00075","USR0025","Rental Agreement","DOC-T-009","uploaded","income_record","INC002503","EV-009"
"synthetic","generated_for_testing","DOC00076","USR0026","Donation Receipt","DOC-T-010","missing","transaction","TXN00026","EV-010"
"synthetic","generated_for_testing","DOC00077","USR0027","Investment or premium payment receipt","DOC-T-011","uploaded","deduction","DED0027","EV-011"
"synthetic","generated_for_testing","DOC00078","USR0028","Tax Payment Challan","DOC-T-015","uploaded","tax_payment","PAY0078","EV-016"
"synthetic","generated_for_testing","DOC00079","USR0029","Form 16A","DOC-T-002","uploaded","income_record","INC002901","EV-002"
"synthetic","generated_for_testing","DOC00080","USR0030","Form 26AS","DOC-T-003","missing","transaction","TXN00030","EV-003"
"synthetic","generated_for_testing","DOC00081","USR0031","AIS","DOC-T-004","uploaded","transaction","TXN00031","EV-004"
"synthetic","generated_for_testing","DOC00082","USR0032","Tax Payment Challan","DOC-T-015","uploaded","tax_payment","PAY0082","EV-016"
"synthetic","generated_for_testing","DOC00083","USR0033","Bank Statement","DOC-T-006","uploaded","income_record","INC003302","EV-006"
"synthetic","generated_for_testing","DOC00084","USR0034","Housing Loan Interest Certificate","DOC-T-007","missing","transaction","TXN00034","EV-007"
"synthetic","generated_for_testing","DOC00085","USR0035","House Rent Receipt","DOC-T-008","uploaded","income_record","INC003503","EV-008"
"synthetic","generated_for_testing","DOC00086","USR0036","Tax Payment Challan","DOC-T-015","uploaded","tax_payment","PAY0086","EV-016"
"synthetic","generated_for_testing","DOC00087","USR0037","Donation Receipt","DOC-T-010","uploaded","transaction","TXN00037","EV-010"
"synthetic","generated_for_testing","DOC00088","USR0038","Investment or premium payment receipt","DOC-T-011","missing","transaction","TXN00038","EV-011"
"synthetic","generated_for_testing","DOC00089","USR0039","Form 16","DOC-T-001","uploaded","income_record","INC003901","EV-001"
"synthetic","generated_for_testing","DOC00090","USR0040","Tax Payment Challan","DOC-T-015","uploaded","tax_payment","PAY0090","EV-016"
"synthetic","generated_for_testing","DOC00091","USR0041","Form 26AS","DOC-T-003","uploaded","transaction","TXN00041","EV-003"
"synthetic","generated_for_testing","DOC00092","USR0042","AIS","DOC-T-004","missing","transaction","TXN00042","EV-004"
"synthetic","generated_for_testing","DOC00093","USR0043","Pay Slip","DOC-T-005","uploaded","income_record","INC004301","EV-005"
"synthetic","generated_for_testing","DOC00094","USR0044","Tax Payment Challan","DOC-T-015","uploaded","tax_payment","PAY0094","EV-016"
"synthetic","generated_for_testing","DOC00095","USR0045","Housing Loan Interest Certificate","DOC-T-007","uploaded","transaction","TXN00045","EV-007"
"synthetic","generated_for_testing","DOC00096","USR0046","House Rent Receipt","DOC-T-008","missing","transaction","TXN00046","EV-008"
"synthetic","generated_for_testing","DOC00097","USR0047","Rental Agreement","DOC-T-009","uploaded","transaction","TXN00047","EV-009"
"synthetic","generated_for_testing","DOC00098","USR0048","Tax Payment Challan","DOC-T-015","uploaded","tax_payment","PAY0098","EV-016"
"synthetic","generated_for_testing","DOC00099","USR0049","Investment or premium payment receipt","DOC-T-011","uploaded","deduction","DEDREC0033","EV-011"
"synthetic","generated_for_testing","DOC00100","USR0050","Form 16","DOC-T-001","missing","income_record","INC005001","EV-001"
"synthetic","generated_for_testing","DOC00101","USR0001","Form 16A","DOC-T-002","uploaded","income_record","INC000101","EV-002"
"synthetic","generated_for_testing","DOC00102","USR0002","Form 26AS","DOC-T-003","uploaded","transaction","TXN00002","EV-003"
"synthetic","generated_for_testing","DOC00103","USR0003","AIS","DOC-T-004","uploaded","transaction","TXN00003","EV-004"
"synthetic","generated_for_testing","DOC00104","USR0004","Pay Slip","DOC-T-005","missing","income_record","INC000401","EV-005"
"synthetic","generated_for_testing","DOC00105","USR0005","Bank Statement","DOC-T-006","uploaded","income_record","INC000502","EV-006"
"synthetic","generated_for_testing","DOC00106","USR0006","Housing Loan Interest Certificate","DOC-T-007","uploaded","transaction","TXN00006","EV-007"
"synthetic","generated_for_testing","DOC00107","USR0007","House Rent Receipt","DOC-T-008","uploaded","transaction","TXN00007","EV-008"
"synthetic","generated_for_testing","DOC00108","USR0008","Rental Agreement","DOC-T-009","missing","transaction","TXN00008","EV-009"
"synthetic","generated_for_testing","DOC00109","USR0009","Donation Receipt","DOC-T-010","uploaded","deduction","DED0009","EV-010"
"synthetic","generated_for_testing","DOC00110","USR0010","Investment or premium payment receipt","DOC-T-011","uploaded","deduction","DEDREC0018","EV-011"
"synthetic","generated_for_testing","DOC00111","USR0011","Form 16","DOC-T-001","uploaded","income_record","INC001101","EV-001"
"synthetic","generated_for_testing","DOC00112","USR0012","Form 16A","DOC-T-002","missing","income_record","INC001201","EV-002"
"synthetic","generated_for_testing","DOC00113","USR0013","Form 26AS","DOC-T-003","uploaded","transaction","TXN00013","EV-003"
"synthetic","generated_for_testing","DOC00114","USR0014","AIS","DOC-T-004","uploaded","transaction","TXN00014","EV-004"
"synthetic","generated_for_testing","DOC00115","USR0015","Pay Slip","DOC-T-005","uploaded","income_record","INC001501","EV-005"
"synthetic","generated_for_testing","DOC00116","USR0016","Bank Statement","DOC-T-006","missing","income_record","INC001602","EV-006"
"synthetic","generated_for_testing","DOC00117","USR0017","Housing Loan Interest Certificate","DOC-T-007","uploaded","transaction","TXN00017","EV-007"
"synthetic","generated_for_testing","DOC00118","USR0018","House Rent Receipt","DOC-T-008","uploaded","transaction","TXN00018","EV-008"
"synthetic","generated_for_testing","DOC00119","USR0019","Rental Agreement","DOC-T-009","uploaded","transaction","TXN00019","EV-009"
"synthetic","generated_for_testing","DOC00120","USR0020","Donation Receipt","DOC-T-010","missing","deduction","DEDREC0020","EV-010"
"synthetic","generated_for_testing","DOC00121","USR0021","Investment or premium payment receipt","DOC-T-011","uploaded","deduction","DED0021","EV-011"
"synthetic","generated_for_testing","DOC00122","USR0022","Form 16","DOC-T-001","uploaded","income_record","INC002201","EV-001"
"synthetic","generated_for_testing","DOC00123","USR0023","Form 16A","DOC-T-002","uploaded","income_record","INC002301","EV-002"
"synthetic","generated_for_testing","DOC00124","USR0024","Form 26AS","DOC-T-003","missing","transaction","TXN00024","EV-003"
"synthetic","generated_for_testing","DOC00125","USR0025","AIS","DOC-T-004","uploaded","transaction","TXN00025","EV-004"
"synthetic","generated_for_testing","DOC00126","USR0026","Pay Slip","DOC-T-005","uploaded","income_record","INC002601","EV-005"
"synthetic","generated_for_testing","DOC00127","USR0027","Bank Statement","DOC-T-006","uploaded","income_record","INC002702","EV-006"
"synthetic","generated_for_testing","DOC00128","USR0028","Housing Loan Interest Certificate","DOC-T-007","missing","loan","LOAN0028","EV-007"
"synthetic","generated_for_testing","DOC00129","USR0029","House Rent Receipt","DOC-T-008","uploaded","transaction","TXN00029","EV-008"
"synthetic","generated_for_testing","DOC00130","USR0030","Rental Agreement","DOC-T-009","uploaded","transaction","TXN00030","EV-009"
"synthetic","generated_for_testing","DOC00131","USR0031","Donation Receipt","DOC-T-010","uploaded","transaction","TXN00031","EV-010"
"synthetic","generated_for_testing","DOC00132","USR0032","Investment or premium payment receipt","DOC-T-011","missing","transaction","TXN00032","EV-011"
"synthetic","generated_for_testing","DOC00133","USR0033","Form 16","DOC-T-001","uploaded","income_record","INC003301","EV-001"
"synthetic","generated_for_testing","DOC00134","USR0034","Form 16A","DOC-T-002","uploaded","income_record","INC003401","EV-002"
"synthetic","generated_for_testing","DOC00135","USR0035","Form 26AS","DOC-T-003","uploaded","transaction","TXN00035","EV-003"
"synthetic","generated_for_testing","DOC00136","USR0036","AIS","DOC-T-004","missing","transaction","TXN00036","EV-004"
"synthetic","generated_for_testing","DOC00137","USR0037","Pay Slip","DOC-T-005","uploaded","income_record","INC003701","EV-005"
"synthetic","generated_for_testing","DOC00138","USR0038","Bank Statement","DOC-T-006","uploaded","income_record","INC003802","EV-006"
"synthetic","generated_for_testing","DOC00139","USR0039","Housing Loan Interest Certificate","DOC-T-007","uploaded","transaction","TXN00039","EV-007"
"synthetic","generated_for_testing","DOC00140","USR0040","House Rent Receipt","DOC-T-008","missing","income_record","INC004003","EV-008"
"synthetic","generated_for_testing","DOC00141","USR0041","Rental Agreement","DOC-T-009","uploaded","transaction","TXN00041","EV-009"
"synthetic","generated_for_testing","DOC00142","USR0042","Donation Receipt","DOC-T-010","uploaded","deduction","DED0042","EV-010"
"synthetic","generated_for_testing","DOC00143","USR0043","Investment or premium payment receipt","DOC-T-011","uploaded","transaction","TXN00043","EV-011"
"synthetic","generated_for_testing","DOC00144","USR0044","Form 16","DOC-T-001","missing","income_record","INC004401","EV-001"
"synthetic","generated_for_testing","DOC00145","USR0045","Form 16A","DOC-T-002","uploaded","income_record","INC004501","EV-002"
"synthetic","generated_for_testing","DOC00146","USR0046","Form 26AS","DOC-T-003","uploaded","transaction","TXN00046","EV-003"
"synthetic","generated_for_testing","DOC00147","USR0047","AIS","DOC-T-004","uploaded","transaction","TXN00047","EV-004"
"synthetic","generated_for_testing","DOC00148","USR0048","Pay Slip","DOC-T-005","missing","income_record","INC004801","EV-005"
"synthetic","generated_for_testing","DOC00149","USR0049","Bank Statement","DOC-T-006","uploaded","income_record","INC004902","EV-006"
"synthetic","generated_for_testing","DOC00150","USR0050","Housing Loan Interest Certificate","DOC-T-007","uploaded","transaction","TXN00050","EV-007"
"synthetic","generated_for_testing","DOC00151","USR0001","House Rent Receipt","DOC-T-008","uploaded","transaction","TXN00001","EV-008"
"synthetic","generated_for_testing","DOC00152","USR0002","Rental Agreement","DOC-T-009","missing","transaction","TXN00002","EV-009"
"synthetic","generated_for_testing","DOC00153","USR0003","Donation Receipt","DOC-T-010","uploaded","deduction","DED0003","EV-010"
"synthetic","generated_for_testing","DOC00154","USR0004","Investment or premium payment receipt","DOC-T-011","uploaded","transaction","TXN00004","EV-011"
"synthetic","generated_for_testing","DOC00155","USR0005","Form 16","DOC-T-001","uploaded","income_record","INC000501","EV-001"
"synthetic","generated_for_testing","DOC00156","USR0006","Form 16A","DOC-T-002","missing","income_record","INC000601","EV-002"
"synthetic","generated_for_testing","DOC00157","USR0007","Form 26AS","DOC-T-003","uploaded","transaction","TXN00007","EV-003"
"synthetic","generated_for_testing","DOC00158","USR0008","AIS","DOC-T-004","uploaded","transaction","TXN00008","EV-004"
"synthetic","generated_for_testing","DOC00159","USR0009","Pay Slip","DOC-T-005","uploaded","income_record","INC000901","EV-005"
"synthetic","generated_for_testing","DOC00160","USR0010","Bank Statement","DOC-T-006","missing","income_record","INC001002","EV-006"
"synthetic","generated_for_testing","DOC00161","USR0011","Housing Loan Interest Certificate","DOC-T-007","uploaded","transaction","TXN00011","EV-007"
"synthetic","generated_for_testing","DOC00162","USR0012","House Rent Receipt","DOC-T-008","uploaded","transaction","TXN00012","EV-008"
"synthetic","generated_for_testing","DOC00163","USR0013","Rental Agreement","DOC-T-009","uploaded","transaction","TXN00013","EV-009"
"synthetic","generated_for_testing","DOC00164","USR0014","Donation Receipt","DOC-T-010","missing","deduction","DEDREC0028","EV-010"
"synthetic","generated_for_testing","DOC00165","USR0015","Investment or premium payment receipt","DOC-T-011","uploaded","deduction","DED0015","EV-011"
"synthetic","generated_for_testing","DOC00166","USR0016","Form 16","DOC-T-001","uploaded","income_record","INC001601","EV-001"
"synthetic","generated_for_testing","DOC00167","USR0017","Form 16A","DOC-T-002","uploaded","income_record","INC001701","EV-002"
"synthetic","generated_for_testing","DOC00168","USR0018","Form 26AS","DOC-T-003","missing","transaction","TXN00018","EV-003"
"synthetic","generated_for_testing","DOC00169","USR0019","AIS","DOC-T-004","uploaded","transaction","TXN00019","EV-004"
"synthetic","generated_for_testing","DOC00170","USR0020","Pay Slip","DOC-T-005","uploaded","income_record","INC002001","EV-005"
"synthetic","generated_for_testing","DOC00171","USR0021","Bank Statement","DOC-T-006","uploaded","income_record","INC002102","EV-006"
"synthetic","generated_for_testing","DOC00172","USR0022","Housing Loan Interest Certificate","DOC-T-007","missing","transaction","TXN00022","EV-007"
"synthetic","generated_for_testing","DOC00173","USR0023","House Rent Receipt","DOC-T-008","uploaded","transaction","TXN00023","EV-008"
"synthetic","generated_for_testing","DOC00174","USR0024","Rental Agreement","DOC-T-009","uploaded","transaction","TXN00024","EV-009"
"synthetic","generated_for_testing","DOC00175","USR0025","Donation Receipt","DOC-T-010","uploaded","deduction","DEDREC0021","EV-010"
"synthetic","generated_for_testing","DOC00176","USR0026","Investment or premium payment receipt","DOC-T-011","missing","transaction","TXN00026","EV-011"
"synthetic","generated_for_testing","DOC00177","USR0027","Form 16","DOC-T-001","uploaded","income_record","INC002701","EV-001"
"synthetic","generated_for_testing","DOC00178","USR0028","Form 16A","DOC-T-002","uploaded","income_record","INC002801","EV-002"
"synthetic","generated_for_testing","DOC00179","USR0029","Form 26AS","DOC-T-003","uploaded","transaction","TXN00029","EV-003"
"synthetic","generated_for_testing","DOC00180","USR0030","AIS","DOC-T-004","missing","transaction","TXN00030","EV-004"
"synthetic","generated_for_testing","DOC00181","USR0031","Pay Slip","DOC-T-005","uploaded","income_record","INC003101","EV-005"
"synthetic","generated_for_testing","DOC00182","USR0032","Bank Statement","DOC-T-006","uploaded","income_record","INC003202","EV-006"
"synthetic","generated_for_testing","DOC00183","USR0033","Housing Loan Interest Certificate","DOC-T-007","uploaded","transaction","TXN00033","EV-007"
"synthetic","generated_for_testing","DOC00184","USR0034","House Rent Receipt","DOC-T-008","missing","transaction","TXN00034","EV-008"
"synthetic","generated_for_testing","DOC00185","USR0035","Rental Agreement","DOC-T-009","uploaded","income_record","INC003503","EV-009"
"synthetic","generated_for_testing","DOC00186","USR0036","Donation Receipt","DOC-T-010","uploaded","deduction","DED0036","EV-010"
"synthetic","generated_for_testing","DOC00187","USR0037","Investment or premium payment receipt","DOC-T-011","uploaded","transaction","TXN00037","EV-011"
"synthetic","generated_for_testing","DOC00188","USR0038","Form 16","DOC-T-001","missing","income_record","INC003801","EV-001"
"synthetic","generated_for_testing","DOC00189","USR0039","Form 16A","DOC-T-002","uploaded","income_record","INC003901","EV-002"
"synthetic","generated_for_testing","DOC00190","USR0040","Form 26AS","DOC-T-003","uploaded","transaction","TXN00040","EV-003"
"synthetic","generated_for_testing","DOC00191","USR0041","AIS","DOC-T-004","uploaded","transaction","TXN00041","EV-004"
"synthetic","generated_for_testing","DOC00192","USR0042","Pay Slip","DOC-T-005","missing","income_record","INC004201","EV-005"
"synthetic","generated_for_testing","DOC00193","USR0043","Bank Statement","DOC-T-006","uploaded","income_record","INC004302","EV-006"
"synthetic","generated_for_testing","DOC00194","USR0044","Housing Loan Interest Certificate","DOC-T-007","uploaded","transaction","TXN00044","EV-007"
"synthetic","generated_for_testing","DOC00195","USR0045","House Rent Receipt","DOC-T-008","uploaded","transaction","TXN00045","EV-008"
"synthetic","generated_for_testing","DOC00196","USR0046","Rental Agreement","DOC-T-009","missing","transaction","TXN00046","EV-009"
"synthetic","generated_for_testing","DOC00197","USR0047","Donation Receipt","DOC-T-010","uploaded","transaction","TXN00047","EV-010"
"synthetic","generated_for_testing","DOC00198","USR0048","Investment or premium payment receipt","DOC-T-011","uploaded","deduction","DED0048","EV-011"
"synthetic","generated_for_testing","DOC00199","USR0049","Form 16","DOC-T-001","uploaded","income_record","INC004901","EV-001"
"synthetic","generated_for_testing","DOC00200","USR0050","Form 16A","DOC-T-002","missing","income_record","INC005001","EV-002"
"synthetic","generated_for_testing","DOC00201","USR0001","Form 26AS","DOC-T-003","uploaded","transaction","TXN00001","EV-003"
"synthetic","generated_for_testing","DOC00202","USR0002","AIS","DOC-T-004","uploaded","transaction","TXN00002","EV-004"
"synthetic","generated_for_testing","DOC00203","USR0003","Pay Slip","DOC-T-005","uploaded","income_record","INC000301","EV-005"
"synthetic","generated_for_testing","DOC00204","USR0004","Bank Statement","DOC-T-006","missing","income_record","INC000402","EV-006"
"synthetic","generated_for_testing","DOC00205","USR0005","Housing Loan Interest Certificate","DOC-T-007","uploaded","transaction","TXN00005","EV-007"
"synthetic","generated_for_testing","DOC00206","USR0006","House Rent Receipt","DOC-T-008","uploaded","transaction","TXN00006","EV-008"
"synthetic","generated_for_testing","DOC00207","USR0007","Rental Agreement","DOC-T-009","uploaded","transaction","TXN00007","EV-009"
"synthetic","generated_for_testing","DOC00208","USR0008","Donation Receipt","DOC-T-010","missing","transaction","TXN00008","EV-010"
"synthetic","generated_for_testing","DOC00209","USR0009","Investment or premium payment receipt","DOC-T-011","uploaded","deduction","DED0009","EV-011"
"synthetic","generated_for_testing","DOC00210","USR0010","Form 16","DOC-T-001","uploaded","income_record","INC001001","EV-001"
"synthetic","generated_for_testing","DOC00211","USR0011","Form 16A","DOC-T-002","uploaded","income_record","INC001101","EV-002"
"synthetic","generated_for_testing","DOC00212","USR0012","Form 26AS","DOC-T-003","missing","transaction","TXN00012","EV-003"
"synthetic","generated_for_testing","DOC00213","USR0013","AIS","DOC-T-004","uploaded","transaction","TXN00013","EV-004"
"synthetic","generated_for_testing","DOC00214","USR0014","Pay Slip","DOC-T-005","uploaded","income_record","INC001401","EV-005"
"synthetic","generated_for_testing","DOC00215","USR0015","Bank Statement","DOC-T-006","uploaded","income_record","INC001502","EV-006"
"synthetic","generated_for_testing","DOC00216","USR0016","Housing Loan Interest Certificate","DOC-T-007","missing","transaction","TXN00016","EV-007"
"synthetic","generated_for_testing","DOC00217","USR0017","House Rent Receipt","DOC-T-008","uploaded","transaction","TXN00017","EV-008"
"synthetic","generated_for_testing","DOC00218","USR0018","Rental Agreement","DOC-T-009","uploaded","transaction","TXN00018","EV-009"
"synthetic","generated_for_testing","DOC00219","USR0019","Donation Receipt","DOC-T-010","uploaded","transaction","TXN00019","EV-010"
"synthetic","generated_for_testing","DOC00220","USR0020","Investment or premium payment receipt","DOC-T-011","missing","deduction","DEDREC0020","EV-011"
"synthetic","generated_for_testing","DOC00221","USR0021","Form 16","DOC-T-001","uploaded","income_record","INC002101","EV-001"
"synthetic","generated_for_testing","DOC00222","USR0022","Form 16A","DOC-T-002","uploaded","income_record","INC002201","EV-002"
"synthetic","generated_for_testing","DOC00223","USR0023","Form 26AS","DOC-T-003","uploaded","transaction","TXN00023","EV-003"
"synthetic","generated_for_testing","DOC00224","USR0024","AIS","DOC-T-004","missing","transaction","TXN00024","EV-004"
"synthetic","generated_for_testing","DOC00225","USR0025","Pay Slip","DOC-T-005","uploaded","income_record","INC002501","EV-005"
"synthetic","generated_for_testing","DOC00226","USR0026","Bank Statement","DOC-T-006","uploaded","income_record","INC002602","EV-006"
"synthetic","generated_for_testing","DOC00227","USR0027","Housing Loan Interest Certificate","DOC-T-007","uploaded","transaction","TXN00027","EV-007"
"synthetic","generated_for_testing","DOC00228","USR0028","House Rent Receipt","DOC-T-008","missing","transaction","TXN00028","EV-008"
"synthetic","generated_for_testing","DOC00229","USR0029","Rental Agreement","DOC-T-009","uploaded","transaction","TXN00029","EV-009"
"synthetic","generated_for_testing","DOC00230","USR0030","Donation Receipt","DOC-T-010","uploaded","deduction","DED0030","EV-010"
"synthetic","generated_for_testing","DOC00231","USR0031","Investment or premium payment receipt","DOC-T-011","uploaded","transaction","TXN00031","EV-011"
"synthetic","generated_for_testing","DOC00232","USR0032","Form 16","DOC-T-001","missing","income_record","INC003201","EV-001"
"synthetic","generated_for_testing","DOC00233","USR0033","Form 16A","DOC-T-002","uploaded","income_record","INC003301","EV-002"
"synthetic","generated_for_testing","DOC00234","USR0034","Form 26AS","DOC-T-003","uploaded","transaction","TXN00034","EV-003"
"synthetic","generated_for_testing","DOC00235","USR0035","AIS","DOC-T-004","uploaded","transaction","TXN00035","EV-004"
"synthetic","generated_for_testing","DOC00236","USR0036","Pay Slip","DOC-T-005","missing","income_record","INC003601","EV-005"
"synthetic","generated_for_testing","DOC00237","USR0037","Bank Statement","DOC-T-006","uploaded","income_record","INC003702","EV-006"
"synthetic","generated_for_testing","DOC00238","USR0038","Housing Loan Interest Certificate","DOC-T-007","uploaded","transaction","TXN00038","EV-007"
"synthetic","generated_for_testing","DOC00239","USR0039","House Rent Receipt","DOC-T-008","uploaded","transaction","TXN00039","EV-008"
"synthetic","generated_for_testing","DOC00240","USR0040","Rental Agreement","DOC-T-009","missing","income_record","INC004003","EV-009"
"synthetic","generated_for_testing","DOC00241","USR0041","Donation Receipt","DOC-T-010","uploaded","transaction","TXN00041","EV-010"
"synthetic","generated_for_testing","DOC00242","USR0042","Investment or premium payment receipt","DOC-T-011","uploaded","deduction","DED0042","EV-011"
"synthetic","generated_for_testing","DOC00243","USR0043","Form 16","DOC-T-001","uploaded","income_record","INC004301","EV-001"
"synthetic","generated_for_testing","DOC00244","USR0044","Form 16A","DOC-T-002","missing","income_record","INC004401","EV-002"
"synthetic","generated_for_testing","DOC00245","USR0045","Form 26AS","DOC-T-003","uploaded","transaction","TXN00045","EV-003"
"synthetic","generated_for_testing","DOC00246","USR0046","AIS","DOC-T-004","uploaded","transaction","TXN00046","EV-004"
"synthetic","generated_for_testing","DOC00247","USR0047","Pay Slip","DOC-T-005","uploaded","income_record","INC004701","EV-005"
"synthetic","generated_for_testing","DOC00248","USR0048","Bank Statement","DOC-T-006","missing","income_record","INC004802","EV-006"
"synthetic","generated_for_testing","DOC00249","USR0049","Housing Loan Interest Certificate","DOC-T-007","uploaded","loan","LOAN0049","EV-007"
"synthetic","generated_for_testing","DOC00250","USR0050","House Rent Receipt","DOC-T-008","uploaded","income_record","INC005003","EV-008"
"synthetic","generated_for_testing","DOC00251","USR0001","Rental Agreement","DOC-T-009","uploaded","transaction","TXN00001","EV-009"
"synthetic","generated_for_testing","DOC00252","USR0002","Donation Receipt","DOC-T-010","missing","transaction","TXN00002","EV-010"
"synthetic","generated_for_testing","DOC00253","USR0003","Investment or premium payment receipt","DOC-T-011","uploaded","deduction","DED0003","EV-011"
"synthetic","generated_for_testing","DOC00254","USR0004","Form 16","DOC-T-001","uploaded","income_record","INC000401","EV-001"
"synthetic","generated_for_testing","DOC00255","USR0005","Form 16A","DOC-T-002","uploaded","income_record","INC000501","EV-002"
"synthetic","generated_for_testing","DOC00256","USR0006","Form 26AS","DOC-T-003","missing","transaction","TXN00006","EV-003"
"synthetic","generated_for_testing","DOC00257","USR0007","AIS","DOC-T-004","uploaded","transaction","TXN00007","EV-004"
"synthetic","generated_for_testing","DOC00258","USR0008","Pay Slip","DOC-T-005","uploaded","income_record","INC000801","EV-005"
"synthetic","generated_for_testing","DOC00259","USR0009","Bank Statement","DOC-T-006","uploaded","income_record","INC000902","EV-006"
"synthetic","generated_for_testing","DOC00260","USR0010","Housing Loan Interest Certificate","DOC-T-007","missing","transaction","TXN00010","EV-007"
"synthetic","generated_for_testing","DOC00261","USR0011","House Rent Receipt","DOC-T-008","uploaded","transaction","TXN00011","EV-008"
"synthetic","generated_for_testing","DOC00262","USR0012","Rental Agreement","DOC-T-009","uploaded","transaction","TXN00012","EV-009"
"synthetic","generated_for_testing","DOC00263","USR0013","Donation Receipt","DOC-T-010","uploaded","transaction","TXN00013","EV-010"
"synthetic","generated_for_testing","DOC00264","USR0014","Investment or premium payment receipt","DOC-T-011","missing","deduction","DEDREC0028","EV-011"
"synthetic","generated_for_testing","DOC00265","USR0015","Form 16","DOC-T-001","uploaded","income_record","INC001501","EV-001"
"synthetic","generated_for_testing","DOC00266","USR0016","Form 16A","DOC-T-002","uploaded","income_record","INC001601","EV-002"
"synthetic","generated_for_testing","DOC00267","USR0017","Form 26AS","DOC-T-003","uploaded","transaction","TXN00017","EV-003"
"synthetic","generated_for_testing","DOC00268","USR0018","AIS","DOC-T-004","missing","transaction","TXN00018","EV-004"
"synthetic","generated_for_testing","DOC00269","USR0019","Pay Slip","DOC-T-005","uploaded","income_record","INC001901","EV-005"
"synthetic","generated_for_testing","DOC00270","USR0020","Bank Statement","DOC-T-006","uploaded","income_record","INC002002","EV-006"
"synthetic","generated_for_testing","DOC00271","USR0021","Housing Loan Interest Certificate","DOC-T-007","uploaded","loan","LOAN0021","EV-007"
"synthetic","generated_for_testing","DOC00272","USR0022","House Rent Receipt","DOC-T-008","missing","transaction","TXN00022","EV-008"
"synthetic","generated_for_testing","DOC00273","USR0023","Rental Agreement","DOC-T-009","uploaded","transaction","TXN00023","EV-009"
"synthetic","generated_for_testing","DOC00274","USR0024","Donation Receipt","DOC-T-010","uploaded","deduction","DED0024","EV-010"
"synthetic","generated_for_testing","DOC00275","USR0025","Investment or premium payment receipt","DOC-T-011","uploaded","deduction","DEDREC0021","EV-011"
"synthetic","generated_for_testing","DOC00276","USR0026","Form 16","DOC-T-001","missing","income_record","INC002601","EV-001"
"synthetic","generated_for_testing","DOC00277","USR0027","Form 16A","DOC-T-002","uploaded","income_record","INC002701","EV-002"
"synthetic","generated_for_testing","DOC00278","USR0028","Form 26AS","DOC-T-003","uploaded","transaction","TXN00028","EV-003"
"synthetic","generated_for_testing","DOC00279","USR0029","AIS","DOC-T-004","uploaded","transaction","TXN00029","EV-004"
"synthetic","generated_for_testing","DOC00280","USR0030","Pay Slip","DOC-T-005","missing","income_record","INC003001","EV-005"
"synthetic","generated_for_testing","DOC00281","USR0031","Bank Statement","DOC-T-006","uploaded","income_record","INC003102","EV-006"
"synthetic","generated_for_testing","DOC00282","USR0032","Housing Loan Interest Certificate","DOC-T-007","uploaded","transaction","TXN00032","EV-007"
"synthetic","generated_for_testing","DOC00283","USR0033","House Rent Receipt","DOC-T-008","uploaded","transaction","TXN00033","EV-008"
"synthetic","generated_for_testing","DOC00284","USR0034","Rental Agreement","DOC-T-009","missing","transaction","TXN00034","EV-009"
"synthetic","generated_for_testing","DOC00285","USR0035","Donation Receipt","DOC-T-010","uploaded","deduction","DEDREC0023","EV-010"
"synthetic","generated_for_testing","DOC00286","USR0036","Investment or premium payment receipt","DOC-T-011","uploaded","deduction","DED0036","EV-011"
"synthetic","generated_for_testing","DOC00287","USR0037","Form 16","DOC-T-001","uploaded","income_record","INC003701","EV-001"
"synthetic","generated_for_testing","DOC00288","USR0038","Form 16A","DOC-T-002","missing","income_record","INC003801","EV-002"
"synthetic","generated_for_testing","DOC00289","USR0039","Form 26AS","DOC-T-003","uploaded","transaction","TXN00039","EV-003"
"synthetic","generated_for_testing","DOC00290","USR0040","AIS","DOC-T-004","uploaded","transaction","TXN00040","EV-004"
"synthetic","generated_for_testing","DOC00291","USR0041","Pay Slip","DOC-T-005","uploaded","income_record","INC004101","EV-005"
"synthetic","generated_for_testing","DOC00292","USR0042","Bank Statement","DOC-T-006","missing","income_record","INC004202","EV-006"
"synthetic","generated_for_testing","DOC00293","USR0043","Housing Loan Interest Certificate","DOC-T-007","uploaded","transaction","TXN00043","EV-007"
"synthetic","generated_for_testing","DOC00294","USR0044","House Rent Receipt","DOC-T-008","uploaded","transaction","TXN00044","EV-008"
"synthetic","generated_for_testing","DOC00295","USR0045","Rental Agreement","DOC-T-009","uploaded","transaction","TXN00045","EV-009"
"synthetic","generated_for_testing","DOC00296","USR0046","Donation Receipt","DOC-T-010","missing","transaction","TXN00046","EV-010"
"synthetic","generated_for_testing","DOC00297","USR0047","Investment or premium payment receipt","DOC-T-011","uploaded","transaction","TXN00047","EV-011"
"synthetic","generated_for_testing","DOC00298","USR0048","Form 16","DOC-T-001","uploaded","income_record","INC004801","EV-001"
"synthetic","generated_for_testing","DOC00299","USR0049","Form 16A","DOC-T-002","uploaded","income_record","INC004901","EV-002"
"synthetic","generated_for_testing","DOC00300","USR0050","Form 26AS","DOC-T-003","missing","transaction","TXN00050","EV-003"
"synthetic","generated_for_testing","DOC00301","USR0001","AIS","DOC-T-004","uploaded","transaction","TXN00001","EV-004"
"synthetic","generated_for_testing","DOC00302","USR0002","Pay Slip","DOC-T-005","uploaded","income_record","INC000201","EV-005"
"synthetic","generated_for_testing","DOC00303","USR0003","Bank Statement","DOC-T-006","uploaded","income_record","INC000302","EV-006"
"synthetic","generated_for_testing","DOC00304","USR0004","Housing Loan Interest Certificate","DOC-T-007","missing","transaction","TXN00004","EV-007"
"synthetic","generated_for_testing","DOC00305","USR0005","House Rent Receipt","DOC-T-008","uploaded","income_record","INC000503","EV-008"
"synthetic","generated_for_testing","DOC00306","USR0006","Rental Agreement","DOC-T-009","uploaded","transaction","TXN00006","EV-009"
"synthetic","generated_for_testing","DOC00307","USR0007","Donation Receipt","DOC-T-010","uploaded","deduction","DEDREC0027","EV-010"
"synthetic","generated_for_testing","DOC00308","USR0008","Investment or premium payment receipt","DOC-T-011","missing","transaction","TXN00008","EV-011"
"synthetic","generated_for_testing","DOC00309","USR0009","Form 16","DOC-T-001","uploaded","income_record","INC000901","EV-001"
"synthetic","generated_for_testing","DOC00310","USR0010","Form 16A","DOC-T-002","uploaded","income_record","INC001001","EV-002"
"synthetic","generated_for_testing","DOC00311","USR0011","Form 26AS","DOC-T-003","uploaded","transaction","TXN00011","EV-003"
"synthetic","generated_for_testing","DOC00312","USR0012","AIS","DOC-T-004","missing","transaction","TXN00012","EV-004"
"synthetic","generated_for_testing","DOC00313","USR0013","Pay Slip","DOC-T-005","uploaded","income_record","INC001301","EV-005"
"synthetic","generated_for_testing","DOC00314","USR0014","Bank Statement","DOC-T-006","uploaded","income_record","INC001402","EV-006"
"synthetic","generated_for_testing","DOC00315","USR0015","Housing Loan Interest Certificate","DOC-T-007","uploaded","transaction","TXN00015","EV-007"
"synthetic","generated_for_testing","DOC00316","USR0016","House Rent Receipt","DOC-T-008","missing","transaction","TXN00016","EV-008"
"synthetic","generated_for_testing","DOC00317","USR0017","Rental Agreement","DOC-T-009","uploaded","transaction","TXN00017","EV-009"
"synthetic","generated_for_testing","DOC00318","USR0018","Donation Receipt","DOC-T-010","uploaded","deduction","DED0018","EV-010"
"synthetic","generated_for_testing","DOC00319","USR0019","Investment or premium payment receipt","DOC-T-011","uploaded","transaction","TXN00019","EV-011"
"synthetic","generated_for_testing","DOC00320","USR0020","Form 16","DOC-T-001","missing","income_record","INC002001","EV-001"
"synthetic","generated_for_testing","DOC00321","USR0021","Form 16A","DOC-T-002","uploaded","income_record","INC002101","EV-002"
"synthetic","generated_for_testing","DOC00322","USR0022","Form 26AS","DOC-T-003","uploaded","transaction","TXN00022","EV-003"
"synthetic","generated_for_testing","DOC00323","USR0023","AIS","DOC-T-004","uploaded","transaction","TXN00023","EV-004"
"synthetic","generated_for_testing","DOC00324","USR0024","Pay Slip","DOC-T-005","missing","income_record","INC002401","EV-005"
"synthetic","generated_for_testing","DOC00325","USR0025","Bank Statement","DOC-T-006","uploaded","income_record","INC002502","EV-006"
"synthetic","generated_for_testing","DOC00326","USR0026","Housing Loan Interest Certificate","DOC-T-007","uploaded","transaction","TXN00026","EV-007"
"synthetic","generated_for_testing","DOC00327","USR0027","House Rent Receipt","DOC-T-008","uploaded","transaction","TXN00027","EV-008"
"synthetic","generated_for_testing","DOC00328","USR0028","Rental Agreement","DOC-T-009","missing","transaction","TXN00028","EV-009"
"synthetic","generated_for_testing","DOC00329","USR0029","Donation Receipt","DOC-T-010","uploaded","transaction","TXN00029","EV-010"
"synthetic","generated_for_testing","DOC00330","USR0030","Investment or premium payment receipt","DOC-T-011","uploaded","deduction","DED0030","EV-011"
"synthetic","generated_for_testing","DOC00331","USR0031","Form 16","DOC-T-001","uploaded","income_record","INC003101","EV-001"
"synthetic","generated_for_testing","DOC00332","USR0032","Form 16A","DOC-T-002","missing","income_record","INC003201","EV-002"
"synthetic","generated_for_testing","DOC00333","USR0033","Form 26AS","DOC-T-003","uploaded","transaction","TXN00033","EV-003"
"synthetic","generated_for_testing","DOC00334","USR0034","AIS","DOC-T-004","uploaded","transaction","TXN00034","EV-004"
"synthetic","generated_for_testing","DOC00335","USR0035","Pay Slip","DOC-T-005","uploaded","income_record","INC003501","EV-005"
"synthetic","generated_for_testing","DOC00336","USR0036","Bank Statement","DOC-T-006","missing","income_record","INC003602","EV-006"
"synthetic","generated_for_testing","DOC00337","USR0037","Housing Loan Interest Certificate","DOC-T-007","uploaded","transaction","TXN00037","EV-007"
"synthetic","generated_for_testing","DOC00338","USR0038","House Rent Receipt","DOC-T-008","uploaded","transaction","TXN00038","EV-008"
"synthetic","generated_for_testing","DOC00339","USR0039","Rental Agreement","DOC-T-009","uploaded","transaction","TXN00039","EV-009"
"synthetic","generated_for_testing","DOC00340","USR0040","Donation Receipt","DOC-T-010","missing","deduction","DEDREC0024","EV-010"
"synthetic","generated_for_testing","DOC00341","USR0041","Investment or premium payment receipt","DOC-T-011","uploaded","transaction","TXN00041","EV-011"
"synthetic","generated_for_testing","DOC00342","USR0042","Form 16","DOC-T-001","uploaded","income_record","INC004201","EV-001"
"synthetic","generated_for_testing","DOC00343","USR0043","Form 16A","DOC-T-002","uploaded","income_record","INC004301","EV-002"
"synthetic","generated_for_testing","DOC00344","USR0044","Form 26AS","DOC-T-003","missing","transaction","TXN00044","EV-003"
"synthetic","generated_for_testing","DOC00345","USR0045","AIS","DOC-T-004","uploaded","transaction","TXN00045","EV-004"
"synthetic","generated_for_testing","DOC00346","USR0046","Pay Slip","DOC-T-005","uploaded","income_record","INC004601","EV-005"
"synthetic","generated_for_testing","DOC00347","USR0047","Bank Statement","DOC-T-006","uploaded","income_record","INC004702","EV-006"
"synthetic","generated_for_testing","DOC00348","USR0048","Housing Loan Interest Certificate","DOC-T-007","missing","transaction","TXN00048","EV-007"
"synthetic","generated_for_testing","DOC00349","USR0049","House Rent Receipt","DOC-T-008","uploaded","transaction","TXN00049","EV-008"
"synthetic","generated_for_testing","DOC00350","USR0050","Rental Agreement","DOC-T-009","uploaded","income_record","INC005003","EV-009"
"synthetic","generated_for_testing","DOC00351","USR0001","Donation Receipt","DOC-T-010","uploaded","transaction","TXN00001","EV-010"
"synthetic","generated_for_testing","DOC00352","USR0002","Investment or premium payment receipt","DOC-T-011","missing","transaction","TXN00002","EV-011"
"synthetic","generated_for_testing","DOC00353","USR0003","Form 16","DOC-T-001","uploaded","income_record","INC000301","EV-001"
"synthetic","generated_for_testing","DOC00354","USR0004","Form 16A","DOC-T-002","uploaded","income_record","INC000401","EV-002"
"synthetic","generated_for_testing","DOC00355","USR0005","Form 26AS","DOC-T-003","uploaded","transaction","TXN00005","EV-003"
"synthetic","generated_for_testing","DOC00356","USR0006","AIS","DOC-T-004","missing","transaction","TXN00006","EV-004"
"synthetic","generated_for_testing","DOC00357","USR0007","Pay Slip","DOC-T-005","uploaded","income_record","INC000701","EV-005"
"synthetic","generated_for_testing","DOC00358","USR0008","Bank Statement","DOC-T-006","uploaded","income_record","INC000802","EV-006"
"synthetic","generated_for_testing","DOC00359","USR0009","Housing Loan Interest Certificate","DOC-T-007","uploaded","transaction","TXN00009","EV-007"
"synthetic","generated_for_testing","DOC00360","USR0010","House Rent Receipt","DOC-T-008","missing","income_record","INC001003","EV-008"
"synthetic","generated_for_testing","DOC00361","USR0011","Rental Agreement","DOC-T-009","uploaded","transaction","TXN00011","EV-009"
"synthetic","generated_for_testing","DOC00362","USR0012","Donation Receipt","DOC-T-010","uploaded","deduction","DED0012","EV-010"
"synthetic","generated_for_testing","DOC00363","USR0013","Investment or premium payment receipt","DOC-T-011","uploaded","transaction","TXN00013","EV-011"
"synthetic","generated_for_testing","DOC00364","USR0014","Form 16","DOC-T-001","missing","income_record","INC001401","EV-001"
"synthetic","generated_for_testing","DOC00365","USR0015","Form 16A","DOC-T-002","uploaded","income_record","INC001501","EV-002"
"synthetic","generated_for_testing","DOC00366","USR0016","Form 26AS","DOC-T-003","uploaded","transaction","TXN00016","EV-003"
"synthetic","generated_for_testing","DOC00367","USR0017","AIS","DOC-T-004","uploaded","transaction","TXN00017","EV-004"
"synthetic","generated_for_testing","DOC00368","USR0018","Pay Slip","DOC-T-005","missing","income_record","INC001801","EV-005"
"synthetic","generated_for_testing","DOC00369","USR0019","Bank Statement","DOC-T-006","uploaded","income_record","INC001902","EV-006"
"synthetic","generated_for_testing","DOC00370","USR0020","Housing Loan Interest Certificate","DOC-T-007","uploaded","transaction","TXN00020","EV-007"
"synthetic","generated_for_testing","DOC00371","USR0021","House Rent Receipt","DOC-T-008","uploaded","transaction","TXN00021","EV-008"
"synthetic","generated_for_testing","DOC00372","USR0022","Rental Agreement","DOC-T-009","missing","transaction","TXN00022","EV-009"
"synthetic","generated_for_testing","DOC00373","USR0023","Donation Receipt","DOC-T-010","uploaded","transaction","TXN00023","EV-010"
"synthetic","generated_for_testing","DOC00374","USR0024","Investment or premium payment receipt","DOC-T-011","uploaded","deduction","DED0024","EV-011"
"synthetic","generated_for_testing","DOC00375","USR0025","Form 16","DOC-T-001","uploaded","income_record","INC002501","EV-001"
"synthetic","generated_for_testing","DOC00376","USR0026","Form 16A","DOC-T-002","missing","income_record","INC002601","EV-002"
"synthetic","generated_for_testing","DOC00377","USR0027","Form 26AS","DOC-T-003","uploaded","transaction","TXN00027","EV-003"
"synthetic","generated_for_testing","DOC00378","USR0028","AIS","DOC-T-004","uploaded","transaction","TXN00028","EV-004"
"synthetic","generated_for_testing","DOC00379","USR0029","Pay Slip","DOC-T-005","uploaded","income_record","INC002901","EV-005"
"synthetic","generated_for_testing","DOC00380","USR0030","Bank Statement","DOC-T-006","missing","income_record","INC003002","EV-006"
"synthetic","generated_for_testing","DOC00381","USR0031","Housing Loan Interest Certificate","DOC-T-007","uploaded","transaction","TXN00031","EV-007"
"synthetic","generated_for_testing","DOC00382","USR0032","House Rent Receipt","DOC-T-008","uploaded","transaction","TXN00032","EV-008"
"synthetic","generated_for_testing","DOC00383","USR0033","Rental Agreement","DOC-T-009","uploaded","transaction","TXN00033","EV-009"
"synthetic","generated_for_testing","DOC00384","USR0034","Donation Receipt","DOC-T-010","missing","transaction","TXN00034","EV-010"
"synthetic","generated_for_testing","DOC00385","USR0035","Investment or premium payment receipt","DOC-T-011","uploaded","deduction","DEDREC0023","EV-011"
"synthetic","generated_for_testing","DOC00386","USR0036","Form 16","DOC-T-001","uploaded","income_record","INC003601","EV-001"
"synthetic","generated_for_testing","DOC00387","USR0037","Form 16A","DOC-T-002","uploaded","income_record","INC003701","EV-002"
"synthetic","generated_for_testing","DOC00388","USR0038","Form 26AS","DOC-T-003","missing","transaction","TXN00038","EV-003"
"synthetic","generated_for_testing","DOC00389","USR0039","AIS","DOC-T-004","uploaded","transaction","TXN00039","EV-004"
"synthetic","generated_for_testing","DOC00390","USR0040","Pay Slip","DOC-T-005","uploaded","income_record","INC004001","EV-005"
"synthetic","generated_for_testing","DOC00391","USR0041","Bank Statement","DOC-T-006","uploaded","income_record","INC004102","EV-006"
"synthetic","generated_for_testing","DOC00392","USR0042","Housing Loan Interest Certificate","DOC-T-007","missing","loan","LOAN0042","EV-007"
"synthetic","generated_for_testing","DOC00393","USR0043","House Rent Receipt","DOC-T-008","uploaded","transaction","TXN00043","EV-008"
"synthetic","generated_for_testing","DOC00394","USR0044","Rental Agreement","DOC-T-009","uploaded","transaction","TXN00044","EV-009"
"synthetic","generated_for_testing","DOC00395","USR0045","Donation Receipt","DOC-T-010","uploaded","deduction","DED0045","EV-010"
"synthetic","generated_for_testing","DOC00396","USR0046","Investment or premium payment receipt","DOC-T-011","missing","transaction","TXN00046","EV-011"
"synthetic","generated_for_testing","DOC00397","USR0047","Form 16","DOC-T-001","uploaded","income_record","INC004701","EV-001"
"synthetic","generated_for_testing","DOC00398","USR0048","Form 16A","DOC-T-002","uploaded","income_record","INC004801","EV-002"
"synthetic","generated_for_testing","DOC00399","USR0049","Form 26AS","DOC-T-003","uploaded","transaction","TXN00049","EV-003"
"synthetic","generated_for_testing","DOC00400","USR0050","AIS","DOC-T-004","missing","transaction","TXN00050","EV-004"
