"data_type","synthetic_source","income_id","user_id","income_type","financial_year","gross_amount","tds_amount","evidence_status","record_origin","tax_regime","salary_deduction_rule_id","interest_deduction_rule_id","business_rule_id","gross_rent","municipal_taxes_paid","annual_value","property_use","housing_loan_interest"
"synthetic","generated_for_testing","INC000101","USR0001","salary","2025-26","618000","18540","linked","seed_income_record","old","DED-011",,,"0","0","0",,"0"
"synthetic","generated_for_testing","INC000102","USR0001","bank_interest","2025-26","12600","0","linked","seed_income_record","old",,"DED-014",,"0","0","0",,"0"
"synthetic","generated_for_testing","INC000103","USR0001","dividend","2025-26","12600","0","linked","seed_income_record","old",,,,"0","0","0",,"0"
"synthetic","generated_for_testing","INC000201","USR0002","salary","2025-26","636000","19080","linked","seed_income_record","old","DED-011",,,"0","0","0",,"0"
"synthetic","generated_for_testing","INC000202","USR0002","bank_interest","2025-26","13200","0","linked","seed_income_record","old",,"DED-014",,"0","0","0",,"0"
"synthetic","generated_for_testing","INC000203","USR0002","dividend","2025-26","13200","0","missing","seed_income_record","old",,,,"0","0","0",,"0"
"synthetic","generated_for_testing","INC000301","USR0003","salary","2025-26","654000","19620","linked","seed_income_record","old","DED-011",,,"0","0","0",,"0"
"synthetic","generated_for_testing","INC000302","USR0003","bank_interest","2025-26","13800","0","missing","seed_income_record","old",,"DED-013",,"0","0","0",,"0"
"synthetic","generated_for_testing","INC000303","USR0003","freelance","2025-26","13800","414","linked","seed_income_record","old",,,"BIZ-004","0","0","0",,"0"
"synthetic","generated_for_testing","INC000401","USR0004","salary","2025-26","672000","20160","missing","seed_income_record","old","DED-011",,,"0","0","0",,"0"
"synthetic","generated_for_testing","INC000402","USR0004","bank_interest","2025-26","14400","0","linked","seed_income_record","old",,"DED-014",,"0","0","0",,"0"
"synthetic","generated_for_testing","INC000403","USR0004","dividend","2025-26","14400","0","linked","seed_income_record","old",,,,"0","0","0",,"0"
"synthetic","generated_for_testing","INC000501","USR0005","salary","2025-26","690000","20700","linked","seed_income_record","old","DED-011",,,"0","0","0",,"0"
"synthetic","generated_for_testing","INC000502","USR0005","bank_interest","2025-26","15000","0","linked","seed_income_record","old",,"DED-014",,"0","0","0",,"0"
"synthetic","generated_for_testing","INC000503","USR0005","rental_income","2025-26","15000","0","linked","seed_income_record","old",,,,"15000","750.00","14250.00","let_out","0"
"synthetic","generated_for_testing","INC000601","USR0006","salary","2025-26","708000","21240","linked","seed_income_record","old","DED-011",,,"0","0","0",,"0"
"synthetic","generated_for_testing","INC000602","USR0006","bank_interest","2025-26","15600","0","linked","seed_income_record","old",,"DED-013",,"0","0","0",,"0"
"synthetic","generated_for_testing","INC000603","USR0006","freelance","2025-26","15600","468","missing","seed_income_record","old",,,"BIZ-004","0","0","0",,"0"
"synthetic","generated_for_testing","INC000701","USR0007","salary","2025-26","726000","21780","linked","seed_income_record","old","DED-011",,,"0","0","0",,"0"
"synthetic","generated_for_testing","INC000702","USR0007","bank_interest","2025-26","16200","0","missing","seed_income_record","old",,"DED-014",,"0","0","0",,"0"
"synthetic","generated_for_testing","INC000703","USR0007","dividend","2025-26","16200","0","linked","seed_income_record","old",,,,"0","0","0",,"0"
"synthetic","generated_for_testing","INC000801","USR0008","salary","2025-26","744000","22320","missing","seed_income_record","old","DED-011",,,"0","0","0",,"0"
"synthetic","generated_for_testing","INC000802","USR0008","bank_interest","2025-26","16800","0","linked","seed_income_record","old",,"DED-014",,"0","0","0",,"0"
"synthetic","generated_for_testing","INC000803","USR0008","dividend","2025-26","16800","0","linked","seed_income_record","old",,,,"0","0","0",,"0"
"synthetic","generated_for_testing","INC000901","USR0009","salary","2025-26","762000","22860","linked","seed_income_record","old","DED-011",,,"0","0","0",,"0"
"synthetic","generated_for_testing","INC000902","USR0009","bank_interest","2025-26","17400","0","linked","seed_income_record","old",,"DED-013",,"0","0","0",,"0"
"synthetic","generated_for_testing","INC000903","USR0009","freelance","2025-26","17400","522","linked","seed_income_record","old",,,"BIZ-004","0","0","0",,"0"
"synthetic","generated_for_testing","INC001001","USR0010","salary","2025-26","780000","23400","linked","seed_income_record","old","DED-011",,,"0","0","0",,"0"
"synthetic","generated_for_testing","INC001002","USR0010","bank_interest","2025-26","18000","0","linked","seed_income_record","old",,"DED-014",,"0","0","0",,"0"
"synthetic","generated_for_testing","INC001003","USR0010","rental_income","2025-26","18000","0","missing","seed_income_record","old",,,,"18000","900.00","17100.00","let_out","0"
"synthetic","generated_for_testing","INC001101","USR0011","salary","2025-26","798000","23940","linked","seed_income_record","old","DED-011",,,"0","0","0",,"0"
"synthetic","generated_for_testing","INC001102","USR0011","bank_interest","2025-26","18600","0","missing","seed_income_record","old",,"DED-014",,"0","0","0",,"0"
"synthetic","generated_for_testing","INC001103","USR0011","dividend","2025-26","18600","0","linked","seed_income_record","old",,,,"0","0","0",,"0"
"synthetic","generated_for_testing","INC001201","USR0012","salary","2025-26","816000","24480","missing","seed_income_record","old","DED-011",,,"0","0","0",,"0"
"synthetic","generated_for_testing","INC001202","USR0012","bank_interest","2025-26","19200","0","linked","seed_income_record","old",,"DED-013",,"0","0","0",,"0"
"synthetic","generated_for_testing","INC001203","USR0012","freelance","2025-26","19200","576","linked","seed_income_record","old",,,"BIZ-004","0","0","0",,"0"
"synthetic","generated_for_testing","INC001301","USR0013","salary","2025-26","834000","25020","linked","seed_income_record","old","DED-011",,,"0","0","0",,"0"
"synthetic","generated_for_testing","INC001302","USR0013","bank_interest","2025-26","19800","0","linked","seed_income_record","old",,"DED-014",,"0","0","0",,"0"
"synthetic","generated_for_testing","INC001303","USR0013","dividend","2025-26","19800","0","linked","seed_income_record","old",,,,"0","0","0",,"0"
"synthetic","generated_for_testing","INC001401","USR0014","salary","2025-26","852000","25560","linked","seed_income_record","old","DED-011",,,"0","0","0",,"0"
"synthetic","generated_for_testing","INC001402","USR0014","bank_interest","2025-26","20400","0","linked","seed_income_record","old",,"DED-014",,"0","0","0",,"0"
"synthetic","generated_for_testing","INC001403","USR0014","dividend","2025-26","20400","0","missing","seed_income_record","old",,,,"0","0","0",,"0"
"synthetic","generated_for_testing","INC001501","USR0015","salary","2025-26","870000","26100","linked","seed_income_record","old","DED-011",,,"0","0","0",,"0"
"synthetic","generated_for_testing","INC001502","USR0015","bank_interest","2025-26","21000","0","missing","seed_income_record","old",,"DED-013",,"0","0","0",,"0"
"synthetic","generated_for_testing","INC001503","USR0015","freelance","2025-26","21000","630","linked","seed_income_record","old",,,"BIZ-004","0","0","0",,"0"
"synthetic","generated_for_testing","INC001601","USR0016","salary","2025-26","888000","26640","missing","seed_income_record","old","DED-011",,,"0","0","0",,"0"
"synthetic","generated_for_testing","INC001602","USR0016","bank_interest","2025-26","21600","0","linked","seed_income_record","old",,"DED-014",,"0","0","0",,"0"
"synthetic","generated_for_testing","INC001603","USR0016","dividend","2025-26","21600","0","linked","seed_income_record","old",,,,"0","0","0",,"0"
"synthetic","generated_for_testing","INC001701","USR0017","salary","2025-26","906000","27180","linked","seed_income_record","old","DED-011",,,"0","0","0",,"0"
"synthetic","generated_for_testing","INC001702","USR0017","bank_interest","2025-26","22200","0","linked","seed_income_record","old",,"DED-014",,"0","0","0",,"0"
"synthetic","generated_for_testing","INC001703","USR0017","dividend","2025-26","22200","0","linked","seed_income_record","old",,,,"0","0","0",,"0"
"synthetic","generated_for_testing","INC001801","USR0018","salary","2025-26","924000","27720","linked","seed_income_record","old","DED-011",,,"0","0","0",,"0"
"synthetic","generated_for_testing","INC001802","USR0018","bank_interest","2025-26","22800","0","linked","seed_income_record","old",,"DED-013",,"0","0","0",,"0"
"synthetic","generated_for_testing","INC001803","USR0018","freelance","2025-26","22800","684","missing","seed_income_record","old",,,"BIZ-004","0","0","0",,"0"
"synthetic","generated_for_testing","INC001901","USR0019","salary","2025-26","942000","28260","linked","seed_income_record","old","DED-011",,,"0","0","0",,"0"
"synthetic","generated_for_testing","INC001902","USR0019","bank_interest","2025-26","23400","0","missing","seed_income_record","old",,"DED-014",,"0","0","0",,"0"
"synthetic","generated_for_testing","INC001903","USR0019","dividend","2025-26","23400","0","linked","seed_income_record","old",,,,"0","0","0",,"0"
"synthetic","generated_for_testing","INC002001","USR0020","salary","2025-26","960000","28800","missing","seed_income_record","old","DED-011",,,"0","0","0",,"0"
"synthetic","generated_for_testing","INC002002","USR0020","bank_interest","2025-26","24000","0","linked","seed_income_record","old",,"DED-014",,"0","0","0",,"0"
"synthetic","generated_for_testing","INC002003","USR0020","rental_income","2025-26","24000","0","linked","seed_income_record","old",,,,"24000","1200.00","22800.00","let_out","0"
"synthetic","generated_for_testing","INC002101","USR0021","salary","2025-26","978000","29340","linked","seed_income_record","old","DED-011",,,"0","0","0",,"0"
"synthetic","generated_for_testing","INC002102","USR0021","bank_interest","2025-26","24600","0","linked","seed_income_record","old",,"DED-013",,"0","0","0",,"0"
"synthetic","generated_for_testing","INC002103","USR0021","freelance","2025-26","24600","738","linked","seed_income_record","old",,,"BIZ-004","0","0","0",,"0"
"synthetic","generated_for_testing","INC002201","USR0022","salary","2025-26","996000","29880","linked","seed_income_record","old","DED-011",,,"0","0","0",,"0"
"synthetic","generated_for_testing","INC002202","USR0022","bank_interest","2025-26","25200","0","linked","seed_income_record","old",,"DED-014",,"0","0","0",,"0"
"synthetic","generated_for_testing","INC002203","USR0022","dividend","2025-26","25200","0","missing","seed_income_record","old",,,,"0","0","0",,"0"
"synthetic","generated_for_testing","INC002301","USR0023","salary","2025-26","1014000","30420","linked","seed_income_record","old","DED-011",,,"0","0","0",,"0"
"synthetic","generated_for_testing","INC002302","USR0023","bank_interest","2025-26","25800","0","missing","seed_income_record","old",,"DED-014",,"0","0","0",,"0"
"synthetic","generated_for_testing","INC002303","USR0023","dividend","2025-26","25800","0","linked","seed_income_record","old",,,,"0","0","0",,"0"
"synthetic","generated_for_testing","INC002401","USR0024","salary","2025-26","1032000","30960","missing","seed_income_record","old","DED-011",,,"0","0","0",,"0"
"synthetic","generated_for_testing","INC002402","USR0024","bank_interest","2025-26","26400","0","linked","seed_income_record","old",,"DED-013",,"0","0","0",,"0"
"synthetic","generated_for_testing","INC002403","USR0024","freelance","2025-26","26400","792","linked","seed_income_record","old",,,"BIZ-004","0","0","0",,"0"
"synthetic","generated_for_testing","INC002501","USR0025","salary","2025-26","1050000","31500","linked","seed_income_record","old","DED-011",,,"0","0","0",,"0"
"synthetic","generated_for_testing","INC002502","USR0025","bank_interest","2025-26","27000","0","linked","seed_income_record","old",,"DED-014",,"0","0","0",,"0"
"synthetic","generated_for_testing","INC002503","USR0025","rental_income","2025-26","27000","0","linked","seed_income_record","old",,,,"27000","1350.00","25650.00","let_out","0"
"synthetic","generated_for_testing","INC002601","USR0026","salary","2025-26","1068000","32040","linked","seed_income_record","old","DED-011",,,"0","0","0",,"0"
"synthetic","generated_for_testing","INC002602","USR0026","bank_interest","2025-26","27600","0","linked","seed_income_record","old",,"DED-014",,"0","0","0",,"0"
"synthetic","generated_for_testing","INC002603","USR0026","dividend","2025-26","27600","0","missing","seed_income_record","old",,,,"0","0","0",,"0"
"synthetic","generated_for_testing","INC002701","USR0027","salary","2025-26","1086000","32580","linked","seed_income_record","old","DED-011",,,"0","0","0",,"0"
"synthetic","generated_for_testing","INC002702","USR0027","bank_interest","2025-26","28200","0","missing","seed_income_record","old",,"DED-013",,"0","0","0",,"0"
"synthetic","generated_for_testing","INC002703","USR0027","freelance","2025-26","28200","846","linked","seed_income_record","old",,,"BIZ-004","0","0","0",,"0"
"synthetic","generated_for_testing","INC002801","USR0028","salary","2025-26","1104000","33120","missing","seed_income_record","old","DED-011",,,"0","0","0",,"0"
"synthetic","generated_for_testing","INC002802","USR0028","bank_interest","2025-26","28800","0","linked","seed_income_record","old",,"DED-014",,"0","0","0",,"0"
"synthetic","generated_for_testing","INC002803","USR0028","dividend","2025-26","28800","0","linked","seed_income_record","old",,,,"0","0","0",,"0"
"synthetic","generated_for_testing","INC002901","USR0029","salary","2025-26","1122000","33660","linked","seed_income_record","old","DED-011",,,"0","0","0",,"0"
"synthetic","generated_for_testing","INC002902","USR0029","bank_interest","2025-26","29400","0","linked","seed_income_record","old",,"DED-014",,"0","0","0",,"0"
"synthetic","generated_for_testing","INC002903","USR0029","dividend","2025-26","29400","0","linked","seed_income_record","old",,,,"0","0","0",,"0"
"synthetic","generated_for_testing","INC003001","USR0030","salary","2025-26","1140000","34200","linked","seed_income_record","old","DED-011",,,"0","0","0",,"0"
"synthetic","generated_for_testing","INC003002","USR0030","bank_interest","2025-26","30000","0","linked","seed_income_record","old",,"DED-013",,"0","0","0",,"0"
"synthetic","generated_for_testing","INC003003","USR0030","freelance","2025-26","30000","900","missing","seed_income_record","old",,,"BIZ-004","0","0","0",,"0"
"synthetic","generated_for_testing","INC003101","USR0031","salary","2025-26","1158000","34740","linked","seed_income_record","old","DED-011",,,"0","0","0",,"0"
"synthetic","generated_for_testing","INC003102","USR0031","bank_interest","2025-26","30600","0","missing","seed_income_record","old",,"DED-014",,"0","0","0",,"0"
"synthetic","generated_for_testing","INC003103","USR0031","dividend","2025-26","30600","0","linked","seed_income_record","old",,,,"0","0","0",,"0"
"synthetic","generated_for_testing","INC003201","USR0032","salary","2025-26","1176000","35280","missing","seed_income_record","old","DED-011",,,"0","0","0",,"0"
"synthetic","generated_for_testing","INC003202","USR0032","bank_interest","2025-26","31200","0","linked","seed_income_record","old",,"DED-014",,"0","0","0",,"0"
"synthetic","generated_for_testing","INC003203","USR0032","dividend","2025-26","31200","0","linked","seed_income_record","old",,,,"0","0","0",,"0"
"synthetic","generated_for_testing","INC003301","USR0033","salary","2025-26","1194000","35820","linked","seed_income_record","old","DED-011",,,"0","0","0",,"0"
"synthetic","generated_for_testing","INC003302","USR0033","bank_interest","2025-26","31800","0","linked","seed_income_record","old",,"DED-013",,"0","0","0",,"0"
"synthetic","generated_for_testing","INC003303","USR0033","freelance","2025-26","31800","954","linked","seed_income_record","old",,,"BIZ-004","0","0","0",,"0"
"synthetic","generated_for_testing","INC003401","USR0034","salary","2025-26","1212000","36360","linked","seed_income_record","old","DED-011",,,"0","0","0",,"0"
"synthetic","generated_for_testing","INC003402","USR0034","bank_interest","2025-26","32400","0","linked","seed_income_record","old",,"DED-014",,"0","0","0",,"0"
"synthetic","generated_for_testing","INC003403","USR0034","dividend","2025-26","32400","0","missing","seed_income_record","old",,,,"0","0","0",,"0"
"synthetic","generated_for_testing","INC003501","USR0035","salary","2025-26","1230000","36900","linked","seed_income_record","old","DED-011",,,"0","0","0",,"0"
"synthetic","generated_for_testing","INC003502","USR0035","bank_interest","2025-26","33000","0","missing","seed_income_record","old",,"DED-014",,"0","0","0",,"0"
"synthetic","generated_for_testing","INC003503","USR0035","rental_income","2025-26","33000","0","linked","seed_income_record","old",,,,"33000","1650.00","31350.00","let_out","130000"
"synthetic","generated_for_testing","INC003601","USR0036","salary","2025-26","1248000","37440","missing","seed_income_record","old","DED-011",,,"0","0","0",,"0"
"synthetic","generated_for_testing","INC003602","USR0036","bank_interest","2025-26","33600","0","linked","seed_income_record","old",,"DED-013",,"0","0","0",,"0"
"synthetic","generated_for_testing","INC003603","USR0036","freelance","2025-26","33600","1008","linked","seed_income_record","old",,,"BIZ-004","0","0","0",,"0"
"synthetic","generated_for_testing","INC003701","USR0037","salary","2025-26","1266000","37980","linked","seed_income_record","old","DED-011",,,"0","0","0",,"0"
"synthetic","generated_for_testing","INC003702","USR0037","bank_interest","2025-26","34200","0","linked","seed_income_record","old",,"DED-014",,"0","0","0",,"0"
"synthetic","generated_for_testing","INC003703","USR0037","dividend","2025-26","34200","0","linked","seed_income_record","old",,,,"0","0","0",,"0"
"synthetic","generated_for_testing","INC003801","USR0038","salary","2025-26","1284000","38520","linked","seed_income_record","old","DED-011",,,"0","0","0",,"0"
"synthetic","generated_for_testing","INC003802","USR0038","bank_interest","2025-26","34800","0","linked","seed_income_record","old",,"DED-014",,"0","0","0",,"0"
"synthetic","generated_for_testing","INC003803","USR0038","dividend","2025-26","34800","0","missing","seed_income_record","old",,,,"0","0","0",,"0"
"synthetic","generated_for_testing","INC003901","USR0039","salary","2025-26","1302000","39060","linked","seed_income_record","old","DED-011",,,"0","0","0",,"0"
"synthetic","generated_for_testing","INC003902","USR0039","bank_interest","2025-26","35400","0","missing","seed_income_record","old",,"DED-013",,"0","0","0",,"0"
"synthetic","generated_for_testing","INC003903","USR0039","freelance","2025-26","35400","1062","linked","seed_income_record","old",,,"BIZ-004","0","0","0",,"0"
"synthetic","generated_for_testing","INC004001","USR0040","salary","2025-26","1320000","39600","missing","seed_income_record","old","DED-011",,,"0","0","0",,"0"
"synthetic","generated_for_testing","INC004002","USR0040","bank_interest","2025-26","36000","0","linked","seed_income_record","old",,"DED-014",,"0","0","0",,"0"
"synthetic","generated_for_testing","INC004003","USR0040","rental_income","2025-26","36000","0","linked","seed_income_record","old",,,,"36000","1800.00","34200.00","let_out","0"
"synthetic","generated_for_testing","INC004101","USR0041","salary","2025-26","1338000","40140","linked","seed_income_record","old","DED-011",,,"0","0","0",,"0"
"synthetic","generated_for_testing","INC004102","USR0041","bank_interest","2025-26","36600","0","linked","seed_income_record","old",,"DED-014",,"0","0","0",,"0"
"synthetic","generated_for_testing","INC004103","USR0041","dividend","2025-26","36600","0","linked","seed_income_record","old",,,,"0","0","0",,"0"
"synthetic","generated_for_testing","INC004201","USR0042","salary","2025-26","1356000","40680","linked","seed_income_record","old","DED-011",,,"0","0","0",,"0"
"synthetic","generated_for_testing","INC004202","USR0042","bank_interest","2025-26","37200","0","linked","seed_income_record","old",,"DED-013",,"0","0","0",,"0"
"synthetic","generated_for_testing","INC004203","USR0042","freelance","2025-26","37200","1116","missing","seed_income_record","old",,,"BIZ-004","0","0","0",,"0"
"synthetic","generated_for_testing","INC004301","USR0043","salary","2025-26","1374000","41220","linked","seed_income_record","old","DED-011",,,"0","0","0",,"0"
"synthetic","generated_for_testing","INC004302","USR0043","bank_interest","2025-26","37800","0","missing","seed_income_record","old",,"DED-014",,"0","0","0",,"0"
"synthetic","generated_for_testing","INC004303","USR0043","dividend","2025-26","37800","0","linked","seed_income_record","old",,,,"0","0","0",,"0"
"synthetic","generated_for_testing","INC004401","USR0044","salary","2025-26","1392000","41760","missing","seed_income_record","old","DED-011",,,"0","0","0",,"0"
"synthetic","generated_for_testing","INC004402","USR0044","bank_interest","2025-26","38400","0","linked","seed_income_record","old",,"DED-014",,"0","0","0",,"0"
"synthetic","generated_for_testing","INC004403","USR0044","dividend","2025-26","38400","0","linked","seed_income_record","old",,,,"0","0","0",,"0"
"synthetic","generated_for_testing","INC004501","USR0045","salary","2025-26","1410000","42300","linked","seed_income_record","old","DED-011",,,"0","0","0",,"0"
"synthetic","generated_for_testing","INC004502","USR0045","bank_interest","2025-26","39000","0","linked","seed_income_record","old",,"DED-013",,"0","0","0",,"0"
"synthetic","generated_for_testing","INC004503","USR0045","freelance","2025-26","39000","1170","linked","seed_income_record","old",,,"BIZ-004","0","0","0",,"0"
"synthetic","generated_for_testing","INC004601","USR0046","salary","2025-26","1428000","42840","linked","seed_income_record","old","DED-011",,,"0","0","0",,"0"
"synthetic","generated_for_testing","INC004602","USR0046","bank_interest","2025-26","39600","0","linked","seed_income_record","old",,"DED-014",,"0","0","0",,"0"
"synthetic","generated_for_testing","INC004603","USR0046","dividend","2025-26","39600","0","missing","seed_income_record","old",,,,"0","0","0",,"0"
"synthetic","generated_for_testing","INC004701","USR0047","salary","2025-26","1446000","43380","linked","seed_income_record","old","DED-011",,,"0","0","0",,"0"
"synthetic","generated_for_testing","INC004702","USR0047","bank_interest","2025-26","40200","0","missing","seed_income_record","old",,"DED-014",,"0","0","0",,"0"
"synthetic","generated_for_testing","INC004703","USR0047","dividend","2025-26","40200","0","linked","seed_income_record","old",,,,"0","0","0",,"0"
"synthetic","generated_for_testing","INC004801","USR0048","salary","2025-26","1464000","43920","missing","seed_income_record","old","DED-011",,,"0","0","0",,"0"
"synthetic","generated_for_testing","INC004802","USR0048","bank_interest","2025-26","40800","0","linked","seed_income_record","old",,"DED-013",,"0","0","0",,"0"
"synthetic","generated_for_testing","INC004803","USR0048","freelance","2025-26","40800","1224","linked","seed_income_record","old",,,"BIZ-004","0","0","0",,"0"
"synthetic","generated_for_testing","INC004901","USR0049","salary","2025-26","1482000","44460","linked","seed_income_record","old","DED-011",,,"0","0","0",,"0"
"synthetic","generated_for_testing","INC004902","USR0049","bank_interest","2025-26","41400","0","linked","seed_income_record","old",,"DED-014",,"0","0","0",,"0"
"synthetic","generated_for_testing","INC004903","USR0049","dividend","2025-26","41400","0","linked","seed_income_record","old",,,,"0","0","0",,"0"
"synthetic","generated_for_testing","INC005001","USR0050","salary","2025-26","1500000","45000","linked","seed_income_record","old","DED-011",,,"0","0","0",,"0"
"synthetic","generated_for_testing","INC005002","USR0050","bank_interest","2025-26","42000","0","linked","seed_income_record","old",,"DED-014",,"0","0","0",,"0"
"synthetic","generated_for_testing","INC005003","USR0050","rental_income","2025-26","42000","0","missing","seed_income_record","old",,,,"42000","2100.00","39900.00","let_out","0"
"synthetic","generated_for_testing","INCX0001purchase","USR0001","investment_acquisition","2025-26","385296","0","linked","transaction_rollup","old",,,,"0","0","0",,"0"
"synthetic","generated_for_testing","INCX0001sale","USR0001","capital_gain","2025-26","0","0","linked","transaction_rollup","old",,,,"0","0","0",,"0"
"synthetic","generated_for_testing","INCX0002purchase","USR0002","investment_acquisition","2025-26","0","0","linked","transaction_rollup","old",,,,"0","0","0",,"0"
"synthetic","generated_for_testing","INCX0002sale","USR0002","capital_gain","2025-26","386392","0","linked","transaction_rollup","old",,,,"0","0","0",,"0"
"synthetic","generated_for_testing","INCX0003purchase","USR0003","investment_acquisition","2025-26","332688","0","linked","transaction_rollup","old",,,,"0","0","0",,"0"
"synthetic","generated_for_testing","INCX0003sale","USR0003","capital_gain","2025-26","0","0","linked","transaction_rollup","old",,,,"0","0","0",,"0"
"synthetic","generated_for_testing","INCX0004purchase","USR0004","investment_acquisition","2025-26","0","0","linked","transaction_rollup","old",,,,"0","0","0",,"0"
"synthetic","generated_for_testing","INCX0004sale","USR0004","capital_gain","2025-26","333784","0","linked","transaction_rollup","old",,,,"0","0","0",,"0"
"synthetic","generated_for_testing","INCX0005purchase","USR0005","investment_acquisition","2025-26","354480","0","linked","transaction_rollup","old",,,,"0","0","0",,"0"
"synthetic","generated_for_testing","INCX0005sale","USR0005","capital_gain","2025-26","0","0","linked","transaction_rollup","old",,,,"0","0","0",,"0"
"synthetic","generated_for_testing","INCX0006purchase","USR0006","investment_acquisition","2025-26","0","0","linked","transaction_rollup","old",,,,"0","0","0",,"0"
"synthetic","generated_for_testing","INCX0006sale","USR0006","capital_gain","2025-26","355576","0","linked","transaction_rollup","old",,,,"0","0","0",,"0"
"synthetic","generated_for_testing","INCX0007purchase","USR0007","investment_acquisition","2025-26","301872","0","linked","transaction_rollup","old",,,,"0","0","0",,"0"
"synthetic","generated_for_testing","INCX0007sale","USR0007","capital_gain","2025-26","0","0","linked","transaction_rollup","old",,,,"0","0","0",,"0"
"synthetic","generated_for_testing","INCX0008purchase","USR0008","investment_acquisition","2025-26","0","0","linked","transaction_rollup","old",,,,"0","0","0",,"0"
"synthetic","generated_for_testing","INCX0008sale","USR0008","capital_gain","2025-26","302968","0","linked","transaction_rollup","old",,,,"0","0","0",,"0"
"synthetic","generated_for_testing","INCX0009purchase","USR0009","investment_acquisition","2025-26","339264","0","linked","transaction_rollup","old",,,,"0","0","0",,"0"
"synthetic","generated_for_testing","INCX0009sale","USR0009","capital_gain","2025-26","0","0","linked","transaction_rollup","old",,,,"0","0","0",,"0"
"synthetic","generated_for_testing","INCX0010purchase","USR0010","investment_acquisition","2025-26","0","0","linked","transaction_rollup","old",,,,"0","0","0",,"0"
"synthetic","generated_for_testing","INCX0010sale","USR0010","capital_gain","2025-26","340360","0","linked","transaction_rollup","old",,,,"0","0","0",,"0"
"synthetic","generated_for_testing","INCX0011purchase","USR0011","investment_acquisition","2025-26","361056","0","linked","transaction_rollup","old",,,,"0","0","0",,"0"
"synthetic","generated_for_testing","INCX0011sale","USR0011","capital_gain","2025-26","0","0","linked","transaction_rollup","old",,,,"0","0","0",,"0"
"synthetic","generated_for_testing","INCX0012purchase","USR0012","investment_acquisition","2025-26","0","0","linked","transaction_rollup","old",,,,"0","0","0",,"0"
"synthetic","generated_for_testing","INCX0012sale","USR0012","capital_gain","2025-26","362152","0","linked","transaction_rollup","old",,,,"0","0","0",,"0"
"synthetic","generated_for_testing","INCX0013purchase","USR0013","investment_acquisition","2025-26","308448","0","linked","transaction_rollup","old",,,,"0","0","0",,"0"
"synthetic","generated_for_testing","INCX0013sale","USR0013","capital_gain","2025-26","0","0","linked","transaction_rollup","old",,,,"0","0","0",,"0"
"synthetic","generated_for_testing","INCX0014purchase","USR0014","investment_acquisition","2025-26","0","0","linked","transaction_rollup","old",,,,"0","0","0",,"0"
"synthetic","generated_for_testing","INCX0014sale","USR0014","capital_gain","2025-26","309544","0","linked","transaction_rollup","old",,,,"0","0","0",,"0"
"synthetic","generated_for_testing","INCX0015purchase","USR0015","investment_acquisition","2025-26","345840","0","linked","transaction_rollup","old",,,,"0","0","0",,"0"
"synthetic","generated_for_testing","INCX0015sale","USR0015","capital_gain","2025-26","0","0","linked","transaction_rollup","old",,,,"0","0","0",,"0"
"synthetic","generated_for_testing","INCX0016purchase","USR0016","investment_acquisition","2025-26","0","0","linked","transaction_rollup","old",,,,"0","0","0",,"0"
"synthetic","generated_for_testing","INCX0016sale","USR0016","capital_gain","2025-26","346936","0","linked","transaction_rollup","old",,,,"0","0","0",,"0"
"synthetic","generated_for_testing","INCX0017purchase","USR0017","investment_acquisition","2025-26","367632","0","linked","transaction_rollup","old",,,,"0","0","0",,"0"
"synthetic","generated_for_testing","INCX0017sale","USR0017","capital_gain","2025-26","0","0","linked","transaction_rollup","old",,,,"0","0","0",,"0"
"synthetic","generated_for_testing","INCX0018purchase","USR0018","investment_acquisition","2025-26","0","0","linked","transaction_rollup","old",,,,"0","0","0",,"0"
"synthetic","generated_for_testing","INCX0018sale","USR0018","capital_gain","2025-26","368728","0","linked","transaction_rollup","old",,,,"0","0","0",,"0"
"synthetic","generated_for_testing","INCX0019purchase","USR0019","investment_acquisition","2025-26","315024","0","linked","transaction_rollup","old",,,,"0","0","0",,"0"
"synthetic","generated_for_testing","INCX0019sale","USR0019","capital_gain","2025-26","0","0","linked","transaction_rollup","old",,,,"0","0","0",,"0"
"synthetic","generated_for_testing","INCX0020purchase","USR0020","investment_acquisition","2025-26","0","0","linked","transaction_rollup","old",,,,"0","0","0",,"0"
"synthetic","generated_for_testing","INCX0020sale","USR0020","capital_gain","2025-26","316120","0","linked","transaction_rollup","old",,,,"0","0","0",,"0"
"synthetic","generated_for_testing","INCX0021purchase","USR0021","investment_acquisition","2025-26","352416","0","linked","transaction_rollup","old",,,,"0","0","0",,"0"
"synthetic","generated_for_testing","INCX0021sale","USR0021","capital_gain","2025-26","0","0","linked","transaction_rollup","old",,,,"0","0","0",,"0"
"synthetic","generated_for_testing","INCX0022purchase","USR0022","investment_acquisition","2025-26","0","0","linked","transaction_rollup","old",,,,"0","0","0",,"0"
"synthetic","generated_for_testing","INCX0022sale","USR0022","capital_gain","2025-26","353512","0","linked","transaction_rollup","old",,,,"0","0","0",,"0"
"synthetic","generated_for_testing","INCX0023purchase","USR0023","investment_acquisition","2025-26","374208","0","linked","transaction_rollup","old",,,,"0","0","0",,"0"
"synthetic","generated_for_testing","INCX0023sale","USR0023","capital_gain","2025-26","0","0","linked","transaction_rollup","old",,,,"0","0","0",,"0"
"synthetic","generated_for_testing","INCX0024purchase","USR0024","investment_acquisition","2025-26","0","0","linked","transaction_rollup","old",,,,"0","0","0",,"0"
"synthetic","generated_for_testing","INCX0024sale","USR0024","capital_gain","2025-26","375304","0","linked","transaction_rollup","old",,,,"0","0","0",,"0"
"synthetic","generated_for_testing","INCX0025purchase","USR0025","investment_acquisition","2025-26","321600","0","linked","transaction_rollup","old",,,,"0","0","0",,"0"
"synthetic","generated_for_testing","INCX0025sale","USR0025","capital_gain","2025-26","0","0","linked","transaction_rollup","old",,,,"0","0","0",,"0"
"synthetic","generated_for_testing","INCX0026purchase","USR0026","investment_acquisition","2025-26","0","0","linked","transaction_rollup","old",,,,"0","0","0",,"0"
"synthetic","generated_for_testing","INCX0026sale","USR0026","capital_gain","2025-26","322696","0","linked","transaction_rollup","old",,,,"0","0","0",,"0"
"synthetic","generated_for_testing","INCX0027purchase","USR0027","investment_acquisition","2025-26","358992","0","linked","transaction_rollup","old",,,,"0","0","0",,"0"
"synthetic","generated_for_testing","INCX0027sale","USR0027","capital_gain","2025-26","0","0","linked","transaction_rollup","old",,,,"0","0","0",,"0"
"synthetic","generated_for_testing","INCX0028purchase","USR0028","investment_acquisition","2025-26","0","0","linked","transaction_rollup","old",,,,"0","0","0",,"0"
"synthetic","generated_for_testing","INCX0028sale","USR0028","capital_gain","2025-26","360088","0","linked","transaction_rollup","old",,,,"0","0","0",,"0"
"synthetic","generated_for_testing","INCX0029purchase","USR0029","investment_acquisition","2025-26","380784","0","linked","transaction_rollup","old",,,,"0","0","0",,"0"
"synthetic","generated_for_testing","INCX0029sale","USR0029","capital_gain","2025-26","0","0","linked","transaction_rollup","old",,,,"0","0","0",,"0"
"synthetic","generated_for_testing","INCX0030purchase","USR0030","investment_acquisition","2025-26","0","0","linked","transaction_rollup","old",,,,"0","0","0",,"0"
"synthetic","generated_for_testing","INCX0030sale","USR0030","capital_gain","2025-26","381880","0","linked","transaction_rollup","old",,,,"0","0","0",,"0"
"synthetic","generated_for_testing","INCX0031purchase","USR0031","investment_acquisition","2025-26","328176","0","linked","transaction_rollup","old",,,,"0","0","0",,"0"
"synthetic","generated_for_testing","INCX0031sale","USR0031","capital_gain","2025-26","0","0","linked","transaction_rollup","old",,,,"0","0","0",,"0"
"synthetic","generated_for_testing","INCX0032purchase","USR0032","investment_acquisition","2025-26","0","0","linked","transaction_rollup","old",,,,"0","0","0",,"0"
"synthetic","generated_for_testing","INCX0032sale","USR0032","capital_gain","2025-26","329272","0","linked","transaction_rollup","old",,,,"0","0","0",,"0"
"synthetic","generated_for_testing","INCX0033purchase","USR0033","investment_acquisition","2025-26","365568","0","linked","transaction_rollup","old",,,,"0","0","0",,"0"
"synthetic","generated_for_testing","INCX0033sale","USR0033","capital_gain","2025-26","0","0","linked","transaction_rollup","old",,,,"0","0","0",,"0"
"synthetic","generated_for_testing","INCX0034purchase","USR0034","investment_acquisition","2025-26","0","0","linked","transaction_rollup","old",,,,"0","0","0",,"0"
"synthetic","generated_for_testing","INCX0034sale","USR0034","capital_gain","2025-26","366664","0","linked","transaction_rollup","old",,,,"0","0","0",,"0"
"synthetic","generated_for_testing","INCX0035purchase","USR0035","investment_acquisition","2025-26","387360","0","linked","transaction_rollup","old",,,,"0","0","0",,"0"
"synthetic","generated_for_testing","INCX0035sale","USR0035","capital_gain","2025-26","0","0","linked","transaction_rollup","old",,,,"0","0","0",,"0"
"synthetic","generated_for_testing","INCX0036purchase","USR0036","investment_acquisition","2025-26","0","0","linked","transaction_rollup","old",,,,"0","0","0",,"0"
"synthetic","generated_for_testing","INCX0036sale","USR0036","capital_gain","2025-26","388456","0","linked","transaction_rollup","old",,,,"0","0","0",,"0"
"synthetic","generated_for_testing","INCX0037purchase","USR0037","investment_acquisition","2025-26","334752","0","linked","transaction_rollup","old",,,,"0","0","0",,"0"
"synthetic","generated_for_testing","INCX0037sale","USR0037","capital_gain","2025-26","0","0","linked","transaction_rollup","old",,,,"0","0","0",,"0"
"synthetic","generated_for_testing","INCX0038purchase","USR0038","investment_acquisition","2025-26","0","0","linked","transaction_rollup","old",,,,"0","0","0",,"0"
"synthetic","generated_for_testing","INCX0038sale","USR0038","capital_gain","2025-26","335848","0","linked","transaction_rollup","old",,,,"0","0","0",,"0"
"synthetic","generated_for_testing","INCX0039purchase","USR0039","investment_acquisition","2025-26","372144","0","linked","transaction_rollup","old",,,,"0","0","0",,"0"
"synthetic","generated_for_testing","INCX0039sale","USR0039","capital_gain","2025-26","0","0","linked","transaction_rollup","old",,,,"0","0","0",,"0"
"synthetic","generated_for_testing","INCX0040purchase","USR0040","investment_acquisition","2025-26","0","0","linked","transaction_rollup","old",,,,"0","0","0",,"0"
"synthetic","generated_for_testing","INCX0040sale","USR0040","capital_gain","2025-26","373240","0","linked","transaction_rollup","old",,,,"0","0","0",,"0"
"synthetic","generated_for_testing","INCX0041purchase","USR0041","investment_acquisition","2025-26","393936","0","linked","transaction_rollup","old",,,,"0","0","0",,"0"
"synthetic","generated_for_testing","INCX0041sale","USR0041","capital_gain","2025-26","0","0","linked","transaction_rollup","old",,,,"0","0","0",,"0"
"synthetic","generated_for_testing","INCX0042purchase","USR0042","investment_acquisition","2025-26","0","0","linked","transaction_rollup","old",,,,"0","0","0",,"0"
"synthetic","generated_for_testing","INCX0042sale","USR0042","capital_gain","2025-26","395032","0","linked","transaction_rollup","old",,,,"0","0","0",,"0"
"synthetic","generated_for_testing","INCX0043purchase","USR0043","investment_acquisition","2025-26","341328","0","linked","transaction_rollup","old",,,,"0","0","0",,"0"
"synthetic","generated_for_testing","INCX0043sale","USR0043","capital_gain","2025-26","0","0","linked","transaction_rollup","old",,,,"0","0","0",,"0"
"synthetic","generated_for_testing","INCX0044purchase","USR0044","investment_acquisition","2025-26","0","0","linked","transaction_rollup","old",,,,"0","0","0",,"0"
"synthetic","generated_for_testing","INCX0044sale","USR0044","capital_gain","2025-26","342424","0","linked","transaction_rollup","old",,,,"0","0","0",,"0"
"synthetic","generated_for_testing","INCX0045purchase","USR0045","investment_acquisition","2025-26","378720","0","linked","transaction_rollup","old",,,,"0","0","0",,"0"
"synthetic","generated_for_testing","INCX0045sale","USR0045","capital_gain","2025-26","0","0","linked","transaction_rollup","old",,,,"0","0","0",,"0"
"synthetic","generated_for_testing","INCX0046purchase","USR0046","investment_acquisition","2025-26","0","0","linked","transaction_rollup","old",,,,"0","0","0",,"0"
"synthetic","generated_for_testing","INCX0046sale","USR0046","capital_gain","2025-26","379816","0","linked","transaction_rollup","old",,,,"0","0","0",,"0"
"synthetic","generated_for_testing","INCX0047purchase","USR0047","investment_acquisition","2025-26","400512","0","linked","transaction_rollup","old",,,,"0","0","0",,"0"
"synthetic","generated_for_testing","INCX0047sale","USR0047","capital_gain","2025-26","0","0","linked","transaction_rollup","old",,,,"0","0","0",,"0"
"synthetic","generated_for_testing","INCX0048purchase","USR0048","investment_acquisition","2025-26","0","0","linked","transaction_rollup","old",,,,"0","0","0",,"0"
"synthetic","generated_for_testing","INCX0048sale","USR0048","capital_gain","2025-26","401608","0","linked","transaction_rollup","old",,,,"0","0","0",,"0"
"synthetic","generated_for_testing","INCX0049purchase","USR0049","investment_acquisition","2025-26","347904","0","linked","transaction_rollup","old",,,,"0","0","0",,"0"
"synthetic","generated_for_testing","INCX0049sale","USR0049","capital_gain","2025-26","0","0","linked","transaction_rollup","old",,,,"0","0","0",,"0"
"synthetic","generated_for_testing","INCX0050purchase","USR0050","investment_acquisition","2025-26","0","0","linked","transaction_rollup","old",,,,"0","0","0",,"0"
"synthetic","generated_for_testing","INCX0050sale","USR0050","capital_gain","2025-26","349000","0","linked","transaction_rollup","old",,,,"0","0","0",,"0"
