"data_type","synthetic_source","tax_assessment_id","user_id","assessment_year","financial_year","tax_regime","gross_total_income","salary_standard_deduction","interest_deduction","chapter_via_deduction","municipal_taxes_paid","house_property_standard_deduction","house_property_net_income","house_property_setoff_allowed","taxable_income","income_tax","special_rate_tax","cess","tds_credit","net_tax_payable","calculation_status","calculation_rule_set"
"synthetic","generated_for_testing","TAX0001","USR0001","2026-27","2025-26","old","643200","50000","12600","12600","0","0.0","0.0","0","580600","28620.0","0","1144.80","18540","11225","passed","tax_rates.csv;deduction_rules.csv;capital_gain_rules.csv"
"synthetic","generated_for_testing","TAX0002","USR0002","2026-27","2025-26","old","662400","50000","13200","13200","0","0.0","0.0","0","599200","32340.0","0","1293.60","19080","14554","passed","tax_rates.csv;deduction_rules.csv;capital_gain_rules.csv"
"synthetic","generated_for_testing","TAX0003","USR0003","2026-27","2025-26","old","681600","50000","10000","61500","0","0.0","0.0","0","570100","26520.0","0","1060.80","20034","7547","passed","tax_rates.csv;deduction_rules.csv;capital_gain_rules.csv"
"synthetic","generated_for_testing","TAX0004","USR0004","2026-27","2025-26","old","700800","50000","14400","14400","0","0.0","0.0","0","636400","39780.0","0","1591.20","20160","21211","passed","tax_rates.csv;deduction_rules.csv;capital_gain_rules.csv"
"synthetic","generated_for_testing","TAX0005","USR0005","2026-27","2025-26","old","720000","50000","15000","33500","750","4275.0","9975.0","9975","631475","38795.0","0","1551.80","20700","19647","passed","tax_rates.csv;deduction_rules.csv;capital_gain_rules.csv"
"synthetic","generated_for_testing","TAX0006","USR0006","2026-27","2025-26","old","739200","50000","10000","63000","0","0.0","0.0","0","626200","37740.0","0","1509.60","21708","17542","passed","tax_rates.csv;deduction_rules.csv;capital_gain_rules.csv"
"synthetic","generated_for_testing","TAX0007","USR0007","2026-27","2025-26","old","758400","50000","16200","16200","0","0.0","0.0","0","692200","50940.0","0","2037.60","21780","31198","passed","tax_rates.csv;deduction_rules.csv;capital_gain_rules.csv"
"synthetic","generated_for_testing","TAX0008","USR0008","2026-27","2025-26","old","777600","50000","16800","16800","0","0.0","0.0","0","710800","54660.0","0","2186.40","22320","34526","passed","tax_rates.csv;deduction_rules.csv;capital_gain_rules.csv"
"synthetic","generated_for_testing","TAX0009","USR0009","2026-27","2025-26","old","796800","50000","10000","64500","0","0.0","0.0","0","682300","48960.0","0","1958.40","23382","27536","passed","tax_rates.csv;deduction_rules.csv;capital_gain_rules.csv"
"synthetic","generated_for_testing","TAX0010","USR0010","2026-27","2025-26","old","816000","50000","18000","37000","900","5130.0","11970.0","11970","722970","57094.0","0","2283.76","23400","35978","passed","tax_rates.csv;deduction_rules.csv;capital_gain_rules.csv"
"synthetic","generated_for_testing","TAX0011","USR0011","2026-27","2025-26","old","835200","50000","18600","18600","0","0.0","0.0","0","766600","65820.0","0","2632.80","23940","44513","passed","tax_rates.csv;deduction_rules.csv;capital_gain_rules.csv"
"synthetic","generated_for_testing","TAX0012","USR0012","2026-27","2025-26","old","854400","50000","10000","66000","0","0.0","0.0","0","738400","60180.0","0","2407.20","25056","37531","passed","tax_rates.csv;deduction_rules.csv;capital_gain_rules.csv"
"synthetic","generated_for_testing","TAX0013","USR0013","2026-27","2025-26","old","873600","50000","19800","19800","0","0.0","0.0","0","803800","73260.0","0","2930.40","25020","51170","passed","tax_rates.csv;deduction_rules.csv;capital_gain_rules.csv"
"synthetic","generated_for_testing","TAX0014","USR0014","2026-27","2025-26","old","892800","50000","20400","20400","0","0.0","0.0","0","822400","76980.0","0","3079.20","25560","54499","passed","tax_rates.csv;deduction_rules.csv;capital_gain_rules.csv"
"synthetic","generated_for_testing","TAX0015","USR0015","2026-27","2025-26","old","912000","50000","10000","87000","0","0.0","0.0","0","775000","67500.0","0","2700.00","26730","43470","passed","tax_rates.csv;deduction_rules.csv;capital_gain_rules.csv"
"synthetic","generated_for_testing","TAX0016","USR0016","2026-27","2025-26","old","931200","50000","21600","21600","0","0.0","0.0","0","859600","84420.0","0","3376.80","26640","61157","passed","tax_rates.csv;deduction_rules.csv;capital_gain_rules.csv"
"synthetic","generated_for_testing","TAX0017","USR0017","2026-27","2025-26","old","950400","50000","22200","22200","0","0.0","0.0","0","878200","88140.0","0","3525.60","27180","64486","passed","tax_rates.csv;deduction_rules.csv;capital_gain_rules.csv"
"synthetic","generated_for_testing","TAX0018","USR0018","2026-27","2025-26","old","969600","50000","10000","69000","0","0.0","0.0","0","850600","82620.0","0","3304.80","28404","57521","passed","tax_rates.csv;deduction_rules.csv;capital_gain_rules.csv"
"synthetic","generated_for_testing","TAX0019","USR0019","2026-27","2025-26","old","988800","50000","23400","23400","0","0.0","0.0","0","915400","95580.0","0","3823.20","28260","71143","passed","tax_rates.csv;deduction_rules.csv;capital_gain_rules.csv"
"synthetic","generated_for_testing","TAX0020","USR0020","2026-27","2025-26","old","1008000","50000","24000","44000","1200","6840.0","15960.0","15960","905960","93692.0","0","3747.68","28800","68640","passed","tax_rates.csv;deduction_rules.csv;capital_gain_rules.csv"
"synthetic","generated_for_testing","TAX0021","USR0021","2026-27","2025-26","old","1027200","50000","10000","70500","0","0.0","0.0","0","906700","93840.0","0","3753.60","30078","67516","passed","tax_rates.csv;deduction_rules.csv;capital_gain_rules.csv"
"synthetic","generated_for_testing","TAX0022","USR0022","2026-27","2025-26","old","1046400","50000","25200","25200","0","0.0","0.0","0","971200","106740.0","0","4269.60","29880","81130","passed","tax_rates.csv;deduction_rules.csv;capital_gain_rules.csv"
"synthetic","generated_for_testing","TAX0023","USR0023","2026-27","2025-26","old","1065600","50000","25800","25800","0","0.0","0.0","0","989800","110460.0","0","4418.40","30420","84458","passed","tax_rates.csv;deduction_rules.csv;capital_gain_rules.csv"
"synthetic","generated_for_testing","TAX0024","USR0024","2026-27","2025-26","old","1084800","50000","10000","72000","0","0.0","0.0","0","962800","105060.0","0","4202.40","31752","77510","passed","tax_rates.csv;deduction_rules.csv;capital_gain_rules.csv"
"synthetic","generated_for_testing","TAX0025","USR0025","2026-27","2025-26","old","1104000","50000","27000","47500","1350","7695.0","17955.0","17955","997455","111991.0","0","4479.64","31500","84971","passed","tax_rates.csv;deduction_rules.csv;capital_gain_rules.csv"
"synthetic","generated_for_testing","TAX0026","USR0026","2026-27","2025-26","old","1123200","50000","27600","27600","0","0.0","0.0","0","1045600","126180.0","0","5047.20","32040","99187","passed","tax_rates.csv;deduction_rules.csv;capital_gain_rules.csv"
"synthetic","generated_for_testing","TAX0027","USR0027","2026-27","2025-26","old","1142400","50000","10000","73500","0","0.0","0.0","0","1018900","118170.0","0","4726.80","33426","89471","passed","tax_rates.csv;deduction_rules.csv;capital_gain_rules.csv"
"synthetic","generated_for_testing","TAX0028","USR0028","2026-27","2025-26","old","1161600","50000","28800","28800","0","0.0","0.0","0","1082800","137340.0","0","5493.60","33120","109714","passed","tax_rates.csv;deduction_rules.csv;capital_gain_rules.csv"
"synthetic","generated_for_testing","TAX0029","USR0029","2026-27","2025-26","old","1180800","50000","29400","29400","0","0.0","0.0","0","1101400","142920.0","0","5716.80","33660","114977","passed","tax_rates.csv;deduction_rules.csv;capital_gain_rules.csv"
"synthetic","generated_for_testing","TAX0030","USR0030","2026-27","2025-26","old","1200000","50000","10000","96000","0","0.0","0.0","0","1054000","128700.0","0","5148.00","35100","98748","passed","tax_rates.csv;deduction_rules.csv;capital_gain_rules.csv"
"synthetic","generated_for_testing","TAX0031","USR0031","2026-27","2025-26","old","1219200","50000","30600","30600","0","0.0","0.0","0","1138600","154080.0","0","6163.20","34740","125503","passed","tax_rates.csv;deduction_rules.csv;capital_gain_rules.csv"
"synthetic","generated_for_testing","TAX0032","USR0032","2026-27","2025-26","old","1238400","50000","31200","31200","0","0.0","0.0","0","1157200","159660.0","0","6386.40","35280","130766","passed","tax_rates.csv;deduction_rules.csv;capital_gain_rules.csv"
"synthetic","generated_for_testing","TAX0033","USR0033","2026-27","2025-26","old","1257600","50000","10000","76500","0","0.0","0.0","0","1131100","151830.0","0","6073.20","36774","121129","passed","tax_rates.csv;deduction_rules.csv;capital_gain_rules.csv"
"synthetic","generated_for_testing","TAX0034","USR0034","2026-27","2025-26","old","1276800","50000","32400","32400","0","0.0","0.0","0","1194400","170820.0","0","6832.80","36360","141293","passed","tax_rates.csv;deduction_rules.csv;capital_gain_rules.csv"
"synthetic","generated_for_testing","TAX0035","USR0035","2026-27","2025-26","old","1296000","50000","33000","54500","1650","9405.0","-108055.0","-108055","1050445","127633.5","0","5105.34","36900","95839","passed","tax_rates.csv;deduction_rules.csv;capital_gain_rules.csv"
"synthetic","generated_for_testing","TAX0036","USR0036","2026-27","2025-26","old","1315200","50000","10000","78000","0","0.0","0.0","0","1187200","168660.0","0","6746.40","38448","136958","passed","tax_rates.csv;deduction_rules.csv;capital_gain_rules.csv"
"synthetic","generated_for_testing","TAX0037","USR0037","2026-27","2025-26","old","1334400","50000","34200","34200","0","0.0","0.0","0","1250200","187560.0","0","7502.40","37980","157082","passed","tax_rates.csv;deduction_rules.csv;capital_gain_rules.csv"
"synthetic","generated_for_testing","TAX0038","USR0038","2026-27","2025-26","old","1353600","50000","34800","34800","0","0.0","0.0","0","1268800","193140.0","0","7725.60","38520","162346","passed","tax_rates.csv;deduction_rules.csv;capital_gain_rules.csv"
"synthetic","generated_for_testing","TAX0039","USR0039","2026-27","2025-26","old","1372800","50000","10000","79500","0","0.0","0.0","0","1243300","185490.0","0","7419.60","40122","152788","passed","tax_rates.csv;deduction_rules.csv;capital_gain_rules.csv"
"synthetic","generated_for_testing","TAX0040","USR0040","2026-27","2025-26","old","1392000","50000","36000","58000","1800","10260.0","23940.0","23940","1271940","194082.0","0","7763.28","39600","162245","passed","tax_rates.csv;deduction_rules.csv;capital_gain_rules.csv"
"synthetic","generated_for_testing","TAX0041","USR0041","2026-27","2025-26","old","1411200","50000","36600","36600","0","0.0","0.0","0","1324600","209880.0","0","8395.20","40140","178135","passed","tax_rates.csv;deduction_rules.csv;capital_gain_rules.csv"
"synthetic","generated_for_testing","TAX0042","USR0042","2026-27","2025-26","old","1430400","50000","10000","81000","0","0.0","0.0","0","1299400","202320.0","0","8092.80","41796","168617","passed","tax_rates.csv;deduction_rules.csv;capital_gain_rules.csv"
"synthetic","generated_for_testing","TAX0043","USR0043","2026-27","2025-26","old","1449600","50000","37800","37800","0","0.0","0.0","0","1361800","221040.0","0","8841.60","41220","188662","passed","tax_rates.csv;deduction_rules.csv;capital_gain_rules.csv"
"synthetic","generated_for_testing","TAX0044","USR0044","2026-27","2025-26","old","1468800","50000","38400","38400","0","0.0","0.0","0","1380400","226620.0","0","9064.80","41760","193925","passed","tax_rates.csv;deduction_rules.csv;capital_gain_rules.csv"
"synthetic","generated_for_testing","TAX0045","USR0045","2026-27","2025-26","old","1488000","50000","10000","105000","0","0.0","0.0","0","1333000","212400.0","0","8496.00","43470","177426","passed","tax_rates.csv;deduction_rules.csv;capital_gain_rules.csv"
"synthetic","generated_for_testing","TAX0046","USR0046","2026-27","2025-26","old","1507200","50000","39600","39600","0","0.0","0.0","0","1417600","237780.0","0","9511.20","42840","204451","passed","tax_rates.csv;deduction_rules.csv;capital_gain_rules.csv"
"synthetic","generated_for_testing","TAX0047","USR0047","2026-27","2025-26","old","1526400","50000","40200","40200","0","0.0","0.0","0","1436200","243360.0","0","9734.40","43380","209714","passed","tax_rates.csv;deduction_rules.csv;capital_gain_rules.csv"
"synthetic","generated_for_testing","TAX0048","USR0048","2026-27","2025-26","old","1545600","50000","10000","84000","0","0.0","0.0","0","1411600","235980.0","0","9439.20","45144","200275","passed","tax_rates.csv;deduction_rules.csv;capital_gain_rules.csv"
"synthetic","generated_for_testing","TAX0049","USR0049","2026-27","2025-26","old","1564800","50000","41400","41400","0","0.0","0.0","0","1473400","254520.0","0","10180.80","44460","220241","passed","tax_rates.csv;deduction_rules.csv;capital_gain_rules.csv"
"synthetic","generated_for_testing","TAX0050","USR0050","2026-27","2025-26","old","1584000","50000","42000","65000","2100","11970.0","27930.0","27930","1454930","248979.0","0","9959.16","45000","213938","passed","tax_rates.csv;deduction_rules.csv;capital_gain_rules.csv"
