data_type,synthetic_source,user_id,display_name,residency,age_category,profile_status
synthetic,generated_for_testing,USR0001,Aarav Demo 01,resident,60_to_under_80,active
synthetic,generated_for_testing,USR0002,Diya Demo 02,resident,80_or_older,active
synthetic,generated_for_testing,USR0003,Kabir Demo 03,resident,under_60,active
synthetic,generated_for_testing,USR0004,Isha Demo 04,resident,60_to_under_80,active
synthetic,generated_for_testing,USR0005,Rohan Demo 05,resident,80_or_older,active
synthetic,generated_for_testing,USR0006,Ananya Demo 06,resident,under_60,active
synthetic,generated_for_testing,USR0007,Vivaan Demo 07,resident,60_to_under_80,active
synthetic,generated_for_testing,USR0008,Meera Demo 08,resident,80_or_older,active
synthetic,generated_for_testing,USR0009,Arjun Demo 09,resident,under_60,active
synthetic,generated_for_testing,USR0010,Kavya Demo 10,resident,60_to_under_80,active
synthetic,generated_for_testing,USR0011,Aarav Demo 11,resident,80_or_older,active
synthetic,generated_for_testing,USR0012,Diya Demo 12,resident,under_60,active
synthetic,generated_for_testing,USR0013,Kabir Demo 13,resident,60_to_under_80,active
synthetic,generated_for_testing,USR0014,Isha Demo 14,resident,80_or_older,active
synthetic,generated_for_testing,USR0015,Rohan Demo 15,resident,under_60,active
synthetic,generated_for_testing,USR0016,Ananya Demo 16,resident,60_to_under_80,active
synthetic,generated_for_testing,USR0017,Vivaan Demo 17,resident,80_or_older,active
synthetic,generated_for_testing,USR0018,Meera Demo 18,resident,under_60,active
synthetic,generated_for_testing,USR0019,Arjun Demo 19,resident,60_to_under_80,active
synthetic,generated_for_testing,USR0020,Kavya Demo 20,resident,80_or_older,active
synthetic,generated_for_testing,USR0021,Aarav Demo 21,resident,under_60,active
synthetic,generated_for_testing,USR0022,Diya Demo 22,resident,60_to_under_80,active
synthetic,generated_for_testing,USR0023,Kabir Demo 23,resident,80_or_older,active
synthetic,generated_for_testing,USR0024,Isha Demo 24,resident,under_60,active
synthetic,generated_for_testing,USR0025,Rohan Demo 25,resident,60_to_under_80,active
synthetic,generated_for_testing,USR0026,Ananya Demo 26,resident,80_or_older,active
synthetic,generated_for_testing,USR0027,Vivaan Demo 27,resident,under_60,active
synthetic,generated_for_testing,USR0028,Meera Demo 28,resident,60_to_under_80,active
synthetic,generated_for_testing,USR0029,Arjun Demo 29,resident,80_or_older,active
synthetic,generated_for_testing,USR0030,Kavya Demo 30,resident,under_60,active
synthetic,generated_for_testing,USR0031,Aarav Demo 31,resident,60_to_under_80,active
synthetic,generated_for_testing,USR0032,Diya Demo 32,resident,80_or_older,active
synthetic,generated_for_testing,USR0033,Kabir Demo 33,resident,under_60,active
synthetic,generated_for_testing,USR0034,Isha Demo 34,resident,60_to_under_80,active
synthetic,generated_for_testing,USR0035,Rohan Demo 35,resident,80_or_older,active
synthetic,generated_for_testing,USR0036,Ananya Demo 36,resident,under_60,active
synthetic,generated_for_testing,USR0037,Vivaan Demo 37,resident,60_to_under_80,active
synthetic,generated_for_testing,USR0038,Meera Demo 38,resident,80_or_older,active
synthetic,generated_for_testing,USR0039,Arjun Demo 39,resident,under_60,active
synthetic,generated_for_testing,USR0040,Kavya Demo 40,resident,60_to_under_80,active
synthetic,generated_for_testing,USR0041,Aarav Demo 41,resident,80_or_older,active
synthetic,generated_for_testing,USR0042,Diya Demo 42,resident,under_60,active
synthetic,generated_for_testing,USR0043,Kabir Demo 43,resident,60_to_under_80,active
synthetic,generated_for_testing,USR0044,Isha Demo 44,resident,80_or_older,active
synthetic,generated_for_testing,USR0045,Rohan Demo 45,resident,under_60,active
synthetic,generated_for_testing,USR0046,Ananya Demo 46,resident,60_to_under_80,active
synthetic,generated_for_testing,USR0047,Vivaan Demo 47,resident,80_or_older,active
synthetic,generated_for_testing,USR0048,Meera Demo 48,resident,under_60,active
synthetic,generated_for_testing,USR0049,Arjun Demo 49,resident,60_to_under_80,active
synthetic,generated_for_testing,USR0050,Kavya Demo 50,resident,80_or_older,active
