"data_type","synthetic_source","user_evidence_id","user_id","document_id","evidence_id","verification_status","document_status","linked_event_id"
"synthetic","generated_for_testing","UE00001","USR0001","DOC00001","EV-016","verified","uploaded","PAY0051"
"synthetic","generated_for_testing","UE00002","USR0002","DOC00002","EV-016","verified","uploaded","PAY0052"
"synthetic","generated_for_testing","UE00003","USR0003","DOC00003","EV-016","verified","uploaded","PAY0053"
"synthetic","generated_for_testing","UE00004","USR0004","DOC00004","EV-015","verified","uploaded","CG0004"
"synthetic","generated_for_testing","UE00005","USR0005","DOC00005","EV-016","verified","uploaded","PAY0055"
"synthetic","generated_for_testing","UE00006","USR0006","DOC00006","EV-016","verified","uploaded","PAY0056"
"synthetic","generated_for_testing","UE00007","USR0007","DOC00007","EV-016","verified","uploaded","PAY0057"
"synthetic","generated_for_testing","UE00008","USR0008","DOC00008","EV-015","verified","uploaded","CG0008"
"synthetic","generated_for_testing","UE00009","USR0009","DOC00009","EV-016","verified","uploaded","PAY0059"
"synthetic","generated_for_testing","UE00010","USR0010","DOC00010","EV-016","verified","uploaded","PAY0060"
"synthetic","generated_for_testing","UE00011","USR0011","DOC00011","EV-016","verified","uploaded","PAY0061"
"synthetic","generated_for_testing","UE00012","USR0012","DOC00012","EV-015","verified","uploaded","CG0012"
"synthetic","generated_for_testing","UE00013","USR0013","DOC00013","EV-016","verified","uploaded","PAY0063"
"synthetic","generated_for_testing","UE00014","USR0014","DOC00014","EV-016","verified","uploaded","PAY0064"
"synthetic","generated_for_testing","UE00015","USR0015","DOC00015","EV-016","verified","uploaded","PAY0065"
"synthetic","generated_for_testing","UE00016","USR0016","DOC00016","EV-015","verified","uploaded","CG0016"
"synthetic","generated_for_testing","UE00017","USR0017","DOC00017","EV-016","verified","uploaded","PAY0067"
"synthetic","generated_for_testing","UE00018","USR0018","DOC00018","EV-016","verified","uploaded","PAY0068"
"synthetic","generated_for_testing","UE00019","USR0019","DOC00019","EV-016","verified","uploaded","PAY0069"
"synthetic","generated_for_testing","UE00020","USR0020","DOC00020","EV-015","verified","uploaded","CG0020"
"synthetic","generated_for_testing","UE00021","USR0021","DOC00021","EV-016","verified","uploaded","PAY0071"
"synthetic","generated_for_testing","UE00022","USR0022","DOC00022","EV-016","verified","uploaded","PAY0072"
"synthetic","generated_for_testing","UE00023","USR0023","DOC00023","EV-016","verified","uploaded","PAY0073"
"synthetic","generated_for_testing","UE00024","USR0024","DOC00024","EV-015","verified","uploaded","CG0024"
"synthetic","generated_for_testing","UE00025","USR0025","DOC00025","EV-016","verified","uploaded","PAY0075"
"synthetic","generated_for_testing","UE00026","USR0026","DOC00026","EV-016","verified","uploaded","PAY0076"
"synthetic","generated_for_testing","UE00027","USR0027","DOC00027","EV-016","verified","uploaded","PAY0077"
"synthetic","generated_for_testing","UE00028","USR0028","DOC00028","EV-015","verified","uploaded","CG0028"
"synthetic","generated_for_testing","UE00029","USR0029","DOC00029","EV-016","verified","uploaded","PAY0079"
"synthetic","generated_for_testing","UE00030","USR0030","DOC00030","EV-016","verified","uploaded","PAY0080"
"synthetic","generated_for_testing","UE00031","USR0031","DOC00031","EV-016","verified","uploaded","PAY0081"
"synthetic","generated_for_testing","UE00032","USR0032","DOC00032","EV-015","verified","uploaded","CG0032"
"synthetic","generated_for_testing","UE00033","USR0033","DOC00033","EV-016","verified","uploaded","PAY0083"
"synthetic","generated_for_testing","UE00034","USR0034","DOC00034","EV-016","verified","uploaded","PAY0084"
"synthetic","generated_for_testing","UE00035","USR0035","DOC00035","EV-016","verified","uploaded","PAY0085"
"synthetic","generated_for_testing","UE00036","USR0036","DOC00036","EV-015","verified","uploaded","CG0036"
"synthetic","generated_for_testing","UE00037","USR0037","DOC00037","EV-016","verified","uploaded","PAY0087"
"synthetic","generated_for_testing","UE00038","USR0038","DOC00038","EV-016","verified","uploaded","PAY0088"
"synthetic","generated_for_testing","UE00039","USR0039","DOC00039","EV-016","verified","uploaded","PAY0089"
"synthetic","generated_for_testing","UE00040","USR0040","DOC00040","EV-015","verified","uploaded","CG0040"
"synthetic","generated_for_testing","UE00041","USR0041","DOC00041","EV-016","verified","uploaded","PAY0091"
"synthetic","generated_for_testing","UE00042","USR0042","DOC00042","EV-016","verified","uploaded","PAY0092"
"synthetic","generated_for_testing","UE00043","USR0043","DOC00043","EV-016","verified","uploaded","PAY0093"
"synthetic","generated_for_testing","UE00044","USR0044","DOC00044","EV-015","verified","uploaded","CG0044"
"synthetic","generated_for_testing","UE00045","USR0045","DOC00045","EV-016","verified","uploaded","PAY0095"
"synthetic","generated_for_testing","UE00046","USR0046","DOC00046","EV-016","verified","uploaded","PAY0096"
"synthetic","generated_for_testing","UE00047","USR0047","DOC00047","EV-016","verified","uploaded","PAY0097"
"synthetic","generated_for_testing","UE00048","USR0048","DOC00048","EV-015","verified","uploaded","CG0048"
"synthetic","generated_for_testing","UE00049","USR0049","DOC00049","EV-016","verified","uploaded","PAY0099"
"synthetic","generated_for_testing","UE00050","USR0050","DOC00050","EV-016","verified","uploaded","PAY0100"
"synthetic","generated_for_testing","UE00051","USR0001","DOC00051","EV-007","verified","uploaded","TXN00001"
"synthetic","generated_for_testing","UE00052","USR0002","DOC00052","EV-008","missing","missing","TXN00002"
"synthetic","generated_for_testing","UE00053","USR0003","DOC00053","EV-009","verified","uploaded","TXN00003"
"synthetic","generated_for_testing","UE00054","USR0004","DOC00054","EV-016","verified","uploaded","PAY0054"
"synthetic","generated_for_testing","UE00055","USR0005","DOC00055","EV-011","verified","uploaded","DEDREC0017"
"synthetic","generated_for_testing","UE00056","USR0006","DOC00056","EV-001","missing","missing","INC000601"
"synthetic","generated_for_testing","UE00057","USR0007","DOC00057","EV-002","verified","uploaded","INC000701"
"synthetic","generated_for_testing","UE00058","USR0008","DOC00058","EV-016","verified","uploaded","PAY0058"
"synthetic","generated_for_testing","UE00059","USR0009","DOC00059","EV-004","verified","uploaded","TXN00009"
"synthetic","generated_for_testing","UE00060","USR0010","DOC00060","EV-005","missing","missing","INC001001"
"synthetic","generated_for_testing","UE00061","USR0011","DOC00061","EV-006","verified","uploaded","INC001102"
"synthetic","generated_for_testing","UE00062","USR0012","DOC00062","EV-016","verified","uploaded","PAY0062"
"synthetic","generated_for_testing","UE00063","USR0013","DOC00063","EV-008","verified","uploaded","TXN00013"
"synthetic","generated_for_testing","UE00064","USR0014","DOC00064","EV-009","missing","missing","TXN00014"
"synthetic","generated_for_testing","UE00065","USR0015","DOC00065","EV-010","verified","uploaded","DED0015"
"synthetic","generated_for_testing","UE00066","USR0016","DOC00066","EV-016","verified","uploaded","PAY0066"
"synthetic","generated_for_testing","UE00067","USR0017","DOC00067","EV-001","verified","uploaded","INC001701"
"synthetic","generated_for_testing","UE00068","USR0018","DOC00068","EV-002","missing","missing","INC001801"
"synthetic","generated_for_testing","UE00069","USR0019","DOC00069","EV-003","verified","uploaded","TXN00019"
"synthetic","generated_for_testing","UE00070","USR0020","DOC00070","EV-016","verified","uploaded","PAY0070"
"synthetic","generated_for_testing","UE00071","USR0021","DOC00071","EV-005","verified","uploaded","INC002101"
"synthetic","generated_for_testing","UE00072","USR0022","DOC00072","EV-006","missing","missing","INC002202"
"synthetic","generated_for_testing","UE00073","USR0023","DOC00073","EV-007","verified","uploaded","TXN00023"
"synthetic","generated_for_testing","UE00074","USR0024","DOC00074","EV-016","verified","uploaded","PAY0074"
"synthetic","generated_for_testing","UE00075","USR0025","DOC00075","EV-009","verified","uploaded","INC002503"
"synthetic","generated_for_testing","UE00076","USR0026","DOC00076","EV-010","missing","missing","TXN00026"
"synthetic","generated_for_testing","UE00077","USR0027","DOC00077","EV-011","verified","uploaded","DED0027"
"synthetic","generated_for_testing","UE00078","USR0028","DOC00078","EV-016","verified","uploaded","PAY0078"
"synthetic","generated_for_testing","UE00079","USR0029","DOC00079","EV-002","verified","uploaded","INC002901"
"synthetic","generated_for_testing","UE00080","USR0030","DOC00080","EV-003","missing","missing","TXN00030"
"synthetic","generated_for_testing","UE00081","USR0031","DOC00081","EV-004","verified","uploaded","TXN00031"
"synthetic","generated_for_testing","UE00082","USR0032","DOC00082","EV-016","verified","uploaded","PAY0082"
"synthetic","generated_for_testing","UE00083","USR0033","DOC00083","EV-006","verified","uploaded","INC003302"
"synthetic","generated_for_testing","UE00084","USR0034","DOC00084","EV-007","missing","missing","TXN00034"
"synthetic","generated_for_testing","UE00085","USR0035","DOC00085","EV-008","verified","uploaded","INC003503"
"synthetic","generated_for_testing","UE00086","USR0036","DOC00086","EV-016","verified","uploaded","PAY0086"
"synthetic","generated_for_testing","UE00087","USR0037","DOC00087","EV-010","verified","uploaded","TXN00037"
"synthetic","generated_for_testing","UE00088","USR0038","DOC00088","EV-011","missing","missing","TXN00038"
"synthetic","generated_for_testing","UE00089","USR0039","DOC00089","EV-001","verified","uploaded","INC003901"
"synthetic","generated_for_testing","UE00090","USR0040","DOC00090","EV-016","verified","uploaded","PAY0090"
"synthetic","generated_for_testing","UE00091","USR0041","DOC00091","EV-003","verified","uploaded","TXN00041"
"synthetic","generated_for_testing","UE00092","USR0042","DOC00092","EV-004","missing","missing","TXN00042"
"synthetic","generated_for_testing","UE00093","USR0043","DOC00093","EV-005","verified","uploaded","INC004301"
"synthetic","generated_for_testing","UE00094","USR0044","DOC00094","EV-016","verified","uploaded","PAY0094"
"synthetic","generated_for_testing","UE00095","USR0045","DOC00095","EV-007","verified","uploaded","TXN00045"
"synthetic","generated_for_testing","UE00096","USR0046","DOC00096","EV-008","missing","missing","TXN00046"
"synthetic","generated_for_testing","UE00097","USR0047","DOC00097","EV-009","verified","uploaded","TXN00047"
"synthetic","generated_for_testing","UE00098","USR0048","DOC00098","EV-016","verified","uploaded","PAY0098"
"synthetic","generated_for_testing","UE00099","USR0049","DOC00099","EV-011","verified","uploaded","DEDREC0033"
"synthetic","generated_for_testing","UE00100","USR0050","DOC00100","EV-001","missing","missing","INC005001"
"synthetic","generated_for_testing","UE00101","USR0001","DOC00101","EV-002","verified","uploaded","INC000101"
"synthetic","generated_for_testing","UE00102","USR0002","DOC00102","EV-003","verified","uploaded","TXN00002"
"synthetic","generated_for_testing","UE00103","USR0003","DOC00103","EV-004","verified","uploaded","TXN00003"
"synthetic","generated_for_testing","UE00104","USR0004","DOC00104","EV-005","missing","missing","INC000401"
"synthetic","generated_for_testing","UE00105","USR0005","DOC00105","EV-006","verified","uploaded","INC000502"
"synthetic","generated_for_testing","UE00106","USR0006","DOC00106","EV-007","verified","uploaded","TXN00006"
"synthetic","generated_for_testing","UE00107","USR0007","DOC00107","EV-008","verified","uploaded","TXN00007"
"synthetic","generated_for_testing","UE00108","USR0008","DOC00108","EV-009","missing","missing","TXN00008"
"synthetic","generated_for_testing","UE00109","USR0009","DOC00109","EV-010","verified","uploaded","DED0009"
"synthetic","generated_for_testing","UE00110","USR0010","DOC00110","EV-011","verified","uploaded","DEDREC0018"
"synthetic","generated_for_testing","UE00111","USR0011","DOC00111","EV-001","verified","uploaded","INC001101"
"synthetic","generated_for_testing","UE00112","USR0012","DOC00112","EV-002","missing","missing","INC001201"
"synthetic","generated_for_testing","UE00113","USR0013","DOC00113","EV-003","verified","uploaded","TXN00013"
"synthetic","generated_for_testing","UE00114","USR0014","DOC00114","EV-004","verified","uploaded","TXN00014"
"synthetic","generated_for_testing","UE00115","USR0015","DOC00115","EV-005","verified","uploaded","INC001501"
"synthetic","generated_for_testing","UE00116","USR0016","DOC00116","EV-006","missing","missing","INC001602"
"synthetic","generated_for_testing","UE00117","USR0017","DOC00117","EV-007","verified","uploaded","TXN00017"
"synthetic","generated_for_testing","UE00118","USR0018","DOC00118","EV-008","verified","uploaded","TXN00018"
"synthetic","generated_for_testing","UE00119","USR0019","DOC00119","EV-009","verified","uploaded","TXN00019"
"synthetic","generated_for_testing","UE00120","USR0020","DOC00120","EV-010","missing","missing","DEDREC0020"
"synthetic","generated_for_testing","UE00121","USR0021","DOC00121","EV-011","verified","uploaded","DED0021"
"synthetic","generated_for_testing","UE00122","USR0022","DOC00122","EV-001","verified","uploaded","INC002201"
"synthetic","generated_for_testing","UE00123","USR0023","DOC00123","EV-002","verified","uploaded","INC002301"
"synthetic","generated_for_testing","UE00124","USR0024","DOC00124","EV-003","missing","missing","TXN00024"
"synthetic","generated_for_testing","UE00125","USR0025","DOC00125","EV-004","verified","uploaded","TXN00025"
"synthetic","generated_for_testing","UE00126","USR0026","DOC00126","EV-005","verified","uploaded","INC002601"
"synthetic","generated_for_testing","UE00127","USR0027","DOC00127","EV-006","verified","uploaded","INC002702"
"synthetic","generated_for_testing","UE00128","USR0028","DOC00128","EV-007","missing","missing","LOAN0028"
"synthetic","generated_for_testing","UE00129","USR0029","DOC00129","EV-008","verified","uploaded","TXN00029"
"synthetic","generated_for_testing","UE00130","USR0030","DOC00130","EV-009","verified","uploaded","TXN00030"
"synthetic","generated_for_testing","UE00131","USR0031","DOC00131","EV-010","verified","uploaded","TXN00031"
"synthetic","generated_for_testing","UE00132","USR0032","DOC00132","EV-011","missing","missing","TXN00032"
"synthetic","generated_for_testing","UE00133","USR0033","DOC00133","EV-001","verified","uploaded","INC003301"
"synthetic","generated_for_testing","UE00134","USR0034","DOC00134","EV-002","verified","uploaded","INC003401"
"synthetic","generated_for_testing","UE00135","USR0035","DOC00135","EV-003","verified","uploaded","TXN00035"
"synthetic","generated_for_testing","UE00136","USR0036","DOC00136","EV-004","missing","missing","TXN00036"
"synthetic","generated_for_testing","UE00137","USR0037","DOC00137","EV-005","verified","uploaded","INC003701"
"synthetic","generated_for_testing","UE00138","USR0038","DOC00138","EV-006","verified","uploaded","INC003802"
"synthetic","generated_for_testing","UE00139","USR0039","DOC00139","EV-007","verified","uploaded","TXN00039"
"synthetic","generated_for_testing","UE00140","USR0040","DOC00140","EV-008","missing","missing","INC004003"
"synthetic","generated_for_testing","UE00141","USR0041","DOC00141","EV-009","verified","uploaded","TXN00041"
"synthetic","generated_for_testing","UE00142","USR0042","DOC00142","EV-010","verified","uploaded","DED0042"
"synthetic","generated_for_testing","UE00143","USR0043","DOC00143","EV-011","verified","uploaded","TXN00043"
"synthetic","generated_for_testing","UE00144","USR0044","DOC00144","EV-001","missing","missing","INC004401"
"synthetic","generated_for_testing","UE00145","USR0045","DOC00145","EV-002","verified","uploaded","INC004501"
"synthetic","generated_for_testing","UE00146","USR0046","DOC00146","EV-003","verified","uploaded","TXN00046"
"synthetic","generated_for_testing","UE00147","USR0047","DOC00147","EV-004","verified","uploaded","TXN00047"
"synthetic","generated_for_testing","UE00148","USR0048","DOC00148","EV-005","missing","missing","INC004801"
"synthetic","generated_for_testing","UE00149","USR0049","DOC00149","EV-006","verified","uploaded","INC004902"
"synthetic","generated_for_testing","UE00150","USR0050","DOC00150","EV-007","verified","uploaded","TXN00050"
"synthetic","generated_for_testing","UE00151","USR0001","DOC00151","EV-008","verified","uploaded","TXN00001"
"synthetic","generated_for_testing","UE00152","USR0002","DOC00152","EV-009","missing","missing","TXN00002"
"synthetic","generated_for_testing","UE00153","USR0003","DOC00153","EV-010","verified","uploaded","DED0003"
"synthetic","generated_for_testing","UE00154","USR0004","DOC00154","EV-011","verified","uploaded","TXN00004"
"synthetic","generated_for_testing","UE00155","USR0005","DOC00155","EV-001","verified","uploaded","INC000501"
"synthetic","generated_for_testing","UE00156","USR0006","DOC00156","EV-002","missing","missing","INC000601"
"synthetic","generated_for_testing","UE00157","USR0007","DOC00157","EV-003","verified","uploaded","TXN00007"
"synthetic","generated_for_testing","UE00158","USR0008","DOC00158","EV-004","verified","uploaded","TXN00008"
"synthetic","generated_for_testing","UE00159","USR0009","DOC00159","EV-005","verified","uploaded","INC000901"
"synthetic","generated_for_testing","UE00160","USR0010","DOC00160","EV-006","missing","missing","INC001002"
"synthetic","generated_for_testing","UE00161","USR0011","DOC00161","EV-007","verified","uploaded","TXN00011"
"synthetic","generated_for_testing","UE00162","USR0012","DOC00162","EV-008","verified","uploaded","TXN00012"
"synthetic","generated_for_testing","UE00163","USR0013","DOC00163","EV-009","verified","uploaded","TXN00013"
"synthetic","generated_for_testing","UE00164","USR0014","DOC00164","EV-010","missing","missing","DEDREC0028"
"synthetic","generated_for_testing","UE00165","USR0015","DOC00165","EV-011","verified","uploaded","DED0015"
"synthetic","generated_for_testing","UE00166","USR0016","DOC00166","EV-001","verified","uploaded","INC001601"
"synthetic","generated_for_testing","UE00167","USR0017","DOC00167","EV-002","verified","uploaded","INC001701"
"synthetic","generated_for_testing","UE00168","USR0018","DOC00168","EV-003","missing","missing","TXN00018"
"synthetic","generated_for_testing","UE00169","USR0019","DOC00169","EV-004","verified","uploaded","TXN00019"
"synthetic","generated_for_testing","UE00170","USR0020","DOC00170","EV-005","verified","uploaded","INC002001"
"synthetic","generated_for_testing","UE00171","USR0021","DOC00171","EV-006","verified","uploaded","INC002102"
"synthetic","generated_for_testing","UE00172","USR0022","DOC00172","EV-007","missing","missing","TXN00022"
"synthetic","generated_for_testing","UE00173","USR0023","DOC00173","EV-008","verified","uploaded","TXN00023"
"synthetic","generated_for_testing","UE00174","USR0024","DOC00174","EV-009","verified","uploaded","TXN00024"
"synthetic","generated_for_testing","UE00175","USR0025","DOC00175","EV-010","verified","uploaded","DEDREC0021"
"synthetic","generated_for_testing","UE00176","USR0026","DOC00176","EV-011","missing","missing","TXN00026"
"synthetic","generated_for_testing","UE00177","USR0027","DOC00177","EV-001","verified","uploaded","INC002701"
"synthetic","generated_for_testing","UE00178","USR0028","DOC00178","EV-002","verified","uploaded","INC002801"
"synthetic","generated_for_testing","UE00179","USR0029","DOC00179","EV-003","verified","uploaded","TXN00029"
"synthetic","generated_for_testing","UE00180","USR0030","DOC00180","EV-004","missing","missing","TXN00030"
"synthetic","generated_for_testing","UE00181","USR0031","DOC00181","EV-005","verified","uploaded","INC003101"
"synthetic","generated_for_testing","UE00182","USR0032","DOC00182","EV-006","verified","uploaded","INC003202"
"synthetic","generated_for_testing","UE00183","USR0033","DOC00183","EV-007","verified","uploaded","TXN00033"
"synthetic","generated_for_testing","UE00184","USR0034","DOC00184","EV-008","missing","missing","TXN00034"
"synthetic","generated_for_testing","UE00185","USR0035","DOC00185","EV-009","verified","uploaded","INC003503"
"synthetic","generated_for_testing","UE00186","USR0036","DOC00186","EV-010","verified","uploaded","DED0036"
"synthetic","generated_for_testing","UE00187","USR0037","DOC00187","EV-011","verified","uploaded","TXN00037"
"synthetic","generated_for_testing","UE00188","USR0038","DOC00188","EV-001","missing","missing","INC003801"
"synthetic","generated_for_testing","UE00189","USR0039","DOC00189","EV-002","verified","uploaded","INC003901"
"synthetic","generated_for_testing","UE00190","USR0040","DOC00190","EV-003","verified","uploaded","TXN00040"
"synthetic","generated_for_testing","UE00191","USR0041","DOC00191","EV-004","verified","uploaded","TXN00041"
"synthetic","generated_for_testing","UE00192","USR0042","DOC00192","EV-005","missing","missing","INC004201"
"synthetic","generated_for_testing","UE00193","USR0043","DOC00193","EV-006","verified","uploaded","INC004302"
"synthetic","generated_for_testing","UE00194","USR0044","DOC00194","EV-007","verified","uploaded","TXN00044"
"synthetic","generated_for_testing","UE00195","USR0045","DOC00195","EV-008","verified","uploaded","TXN00045"
"synthetic","generated_for_testing","UE00196","USR0046","DOC00196","EV-009","missing","missing","TXN00046"
"synthetic","generated_for_testing","UE00197","USR0047","DOC00197","EV-010","verified","uploaded","TXN00047"
"synthetic","generated_for_testing","UE00198","USR0048","DOC00198","EV-011","verified","uploaded","DED0048"
"synthetic","generated_for_testing","UE00199","USR0049","DOC00199","EV-001","verified","uploaded","INC004901"
"synthetic","generated_for_testing","UE00200","USR0050","DOC00200","EV-002","missing","missing","INC005001"
"synthetic","generated_for_testing","UE00201","USR0001","DOC00201","EV-003","verified","uploaded","TXN00001"
"synthetic","generated_for_testing","UE00202","USR0002","DOC00202","EV-004","verified","uploaded","TXN00002"
"synthetic","generated_for_testing","UE00203","USR0003","DOC00203","EV-005","verified","uploaded","INC000301"
"synthetic","generated_for_testing","UE00204","USR0004","DOC00204","EV-006","missing","missing","INC000402"
"synthetic","generated_for_testing","UE00205","USR0005","DOC00205","EV-007","verified","uploaded","TXN00005"
"synthetic","generated_for_testing","UE00206","USR0006","DOC00206","EV-008","verified","uploaded","TXN00006"
"synthetic","generated_for_testing","UE00207","USR0007","DOC00207","EV-009","verified","uploaded","TXN00007"
"synthetic","generated_for_testing","UE00208","USR0008","DOC00208","EV-010","missing","missing","TXN00008"
"synthetic","generated_for_testing","UE00209","USR0009","DOC00209","EV-011","verified","uploaded","DED0009"
"synthetic","generated_for_testing","UE00210","USR0010","DOC00210","EV-001","verified","uploaded","INC001001"
"synthetic","generated_for_testing","UE00211","USR0011","DOC00211","EV-002","verified","uploaded","INC001101"
"synthetic","generated_for_testing","UE00212","USR0012","DOC00212","EV-003","missing","missing","TXN00012"
"synthetic","generated_for_testing","UE00213","USR0013","DOC00213","EV-004","verified","uploaded","TXN00013"
"synthetic","generated_for_testing","UE00214","USR0014","DOC00214","EV-005","verified","uploaded","INC001401"
"synthetic","generated_for_testing","UE00215","USR0015","DOC00215","EV-006","verified","uploaded","INC001502"
"synthetic","generated_for_testing","UE00216","USR0016","DOC00216","EV-007","missing","missing","TXN00016"
"synthetic","generated_for_testing","UE00217","USR0017","DOC00217","EV-008","verified","uploaded","TXN00017"
"synthetic","generated_for_testing","UE00218","USR0018","DOC00218","EV-009","verified","uploaded","TXN00018"
"synthetic","generated_for_testing","UE00219","USR0019","DOC00219","EV-010","verified","uploaded","TXN00019"
"synthetic","generated_for_testing","UE00220","USR0020","DOC00220","EV-011","missing","missing","DEDREC0020"
"synthetic","generated_for_testing","UE00221","USR0021","DOC00221","EV-001","verified","uploaded","INC002101"
"synthetic","generated_for_testing","UE00222","USR0022","DOC00222","EV-002","verified","uploaded","INC002201"
"synthetic","generated_for_testing","UE00223","USR0023","DOC00223","EV-003","verified","uploaded","TXN00023"
"synthetic","generated_for_testing","UE00224","USR0024","DOC00224","EV-004","missing","missing","TXN00024"
"synthetic","generated_for_testing","UE00225","USR0025","DOC00225","EV-005","verified","uploaded","INC002501"
"synthetic","generated_for_testing","UE00226","USR0026","DOC00226","EV-006","verified","uploaded","INC002602"
"synthetic","generated_for_testing","UE00227","USR0027","DOC00227","EV-007","verified","uploaded","TXN00027"
"synthetic","generated_for_testing","UE00228","USR0028","DOC00228","EV-008","missing","missing","TXN00028"
"synthetic","generated_for_testing","UE00229","USR0029","DOC00229","EV-009","verified","uploaded","TXN00029"
"synthetic","generated_for_testing","UE00230","USR0030","DOC00230","EV-010","verified","uploaded","DED0030"
"synthetic","generated_for_testing","UE00231","USR0031","DOC00231","EV-011","verified","uploaded","TXN00031"
"synthetic","generated_for_testing","UE00232","USR0032","DOC00232","EV-001","missing","missing","INC003201"
"synthetic","generated_for_testing","UE00233","USR0033","DOC00233","EV-002","verified","uploaded","INC003301"
"synthetic","generated_for_testing","UE00234","USR0034","DOC00234","EV-003","verified","uploaded","TXN00034"
"synthetic","generated_for_testing","UE00235","USR0035","DOC00235","EV-004","verified","uploaded","TXN00035"
"synthetic","generated_for_testing","UE00236","USR0036","DOC00236","EV-005","missing","missing","INC003601"
"synthetic","generated_for_testing","UE00237","USR0037","DOC00237","EV-006","verified","uploaded","INC003702"
"synthetic","generated_for_testing","UE00238","USR0038","DOC00238","EV-007","verified","uploaded","TXN00038"
"synthetic","generated_for_testing","UE00239","USR0039","DOC00239","EV-008","verified","uploaded","TXN00039"
"synthetic","generated_for_testing","UE00240","USR0040","DOC00240","EV-009","missing","missing","INC004003"
"synthetic","generated_for_testing","UE00241","USR0041","DOC00241","EV-010","verified","uploaded","TXN00041"
"synthetic","generated_for_testing","UE00242","USR0042","DOC00242","EV-011","verified","uploaded","DED0042"
"synthetic","generated_for_testing","UE00243","USR0043","DOC00243","EV-001","verified","uploaded","INC004301"
"synthetic","generated_for_testing","UE00244","USR0044","DOC00244","EV-002","missing","missing","INC004401"
"synthetic","generated_for_testing","UE00245","USR0045","DOC00245","EV-003","verified","uploaded","TXN00045"
"synthetic","generated_for_testing","UE00246","USR0046","DOC00246","EV-004","verified","uploaded","TXN00046"
"synthetic","generated_for_testing","UE00247","USR0047","DOC00247","EV-005","verified","uploaded","INC004701"
"synthetic","generated_for_testing","UE00248","USR0048","DOC00248","EV-006","missing","missing","INC004802"
"synthetic","generated_for_testing","UE00249","USR0049","DOC00249","EV-007","verified","uploaded","LOAN0049"
"synthetic","generated_for_testing","UE00250","USR0050","DOC00250","EV-008","verified","uploaded","INC005003"
"synthetic","generated_for_testing","UE00251","USR0001","DOC00251","EV-009","verified","uploaded","TXN00001"
"synthetic","generated_for_testing","UE00252","USR0002","DOC00252","EV-010","missing","missing","TXN00002"
"synthetic","generated_for_testing","UE00253","USR0003","DOC00253","EV-011","verified","uploaded","DED0003"
"synthetic","generated_for_testing","UE00254","USR0004","DOC00254","EV-001","verified","uploaded","INC000401"
"synthetic","generated_for_testing","UE00255","USR0005","DOC00255","EV-002","verified","uploaded","INC000501"
"synthetic","generated_for_testing","UE00256","USR0006","DOC00256","EV-003","missing","missing","TXN00006"
"synthetic","generated_for_testing","UE00257","USR0007","DOC00257","EV-004","verified","uploaded","TXN00007"
"synthetic","generated_for_testing","UE00258","USR0008","DOC00258","EV-005","verified","uploaded","INC000801"
"synthetic","generated_for_testing","UE00259","USR0009","DOC00259","EV-006","verified","uploaded","INC000902"
"synthetic","generated_for_testing","UE00260","USR0010","DOC00260","EV-007","missing","missing","TXN00010"
"synthetic","generated_for_testing","UE00261","USR0011","DOC00261","EV-008","verified","uploaded","TXN00011"
"synthetic","generated_for_testing","UE00262","USR0012","DOC00262","EV-009","verified","uploaded","TXN00012"
"synthetic","generated_for_testing","UE00263","USR0013","DOC00263","EV-010","verified","uploaded","TXN00013"
"synthetic","generated_for_testing","UE00264","USR0014","DOC00264","EV-011","missing","missing","DEDREC0028"
"synthetic","generated_for_testing","UE00265","USR0015","DOC00265","EV-001","verified","uploaded","INC001501"
"synthetic","generated_for_testing","UE00266","USR0016","DOC00266","EV-002","verified","uploaded","INC001601"
"synthetic","generated_for_testing","UE00267","USR0017","DOC00267","EV-003","verified","uploaded","TXN00017"
"synthetic","generated_for_testing","UE00268","USR0018","DOC00268","EV-004","missing","missing","TXN00018"
"synthetic","generated_for_testing","UE00269","USR0019","DOC00269","EV-005","verified","uploaded","INC001901"
"synthetic","generated_for_testing","UE00270","USR0020","DOC00270","EV-006","verified","uploaded","INC002002"
"synthetic","generated_for_testing","UE00271","USR0021","DOC00271","EV-007","verified","uploaded","LOAN0021"
"synthetic","generated_for_testing","UE00272","USR0022","DOC00272","EV-008","missing","missing","TXN00022"
"synthetic","generated_for_testing","UE00273","USR0023","DOC00273","EV-009","verified","uploaded","TXN00023"
"synthetic","generated_for_testing","UE00274","USR0024","DOC00274","EV-010","verified","uploaded","DED0024"
"synthetic","generated_for_testing","UE00275","USR0025","DOC00275","EV-011","verified","uploaded","DEDREC0021"
"synthetic","generated_for_testing","UE00276","USR0026","DOC00276","EV-001","missing","missing","INC002601"
"synthetic","generated_for_testing","UE00277","USR0027","DOC00277","EV-002","verified","uploaded","INC002701"
"synthetic","generated_for_testing","UE00278","USR0028","DOC00278","EV-003","verified","uploaded","TXN00028"
"synthetic","generated_for_testing","UE00279","USR0029","DOC00279","EV-004","verified","uploaded","TXN00029"
"synthetic","generated_for_testing","UE00280","USR0030","DOC00280","EV-005","missing","missing","INC003001"
"synthetic","generated_for_testing","UE00281","USR0031","DOC00281","EV-006","verified","uploaded","INC003102"
"synthetic","generated_for_testing","UE00282","USR0032","DOC00282","EV-007","verified","uploaded","TXN00032"
"synthetic","generated_for_testing","UE00283","USR0033","DOC00283","EV-008","verified","uploaded","TXN00033"
"synthetic","generated_for_testing","UE00284","USR0034","DOC00284","EV-009","missing","missing","TXN00034"
"synthetic","generated_for_testing","UE00285","USR0035","DOC00285","EV-010","verified","uploaded","DEDREC0023"
"synthetic","generated_for_testing","UE00286","USR0036","DOC00286","EV-011","verified","uploaded","DED0036"
"synthetic","generated_for_testing","UE00287","USR0037","DOC00287","EV-001","verified","uploaded","INC003701"
"synthetic","generated_for_testing","UE00288","USR0038","DOC00288","EV-002","missing","missing","INC003801"
"synthetic","generated_for_testing","UE00289","USR0039","DOC00289","EV-003","verified","uploaded","TXN00039"
"synthetic","generated_for_testing","UE00290","USR0040","DOC00290","EV-004","verified","uploaded","TXN00040"
"synthetic","generated_for_testing","UE00291","USR0041","DOC00291","EV-005","verified","uploaded","INC004101"
"synthetic","generated_for_testing","UE00292","USR0042","DOC00292","EV-006","missing","missing","INC004202"
"synthetic","generated_for_testing","UE00293","USR0043","DOC00293","EV-007","verified","uploaded","TXN00043"
"synthetic","generated_for_testing","UE00294","USR0044","DOC00294","EV-008","verified","uploaded","TXN00044"
"synthetic","generated_for_testing","UE00295","USR0045","DOC00295","EV-009","verified","uploaded","TXN00045"
"synthetic","generated_for_testing","UE00296","USR0046","DOC00296","EV-010","missing","missing","TXN00046"
"synthetic","generated_for_testing","UE00297","USR0047","DOC00297","EV-011","verified","uploaded","TXN00047"
"synthetic","generated_for_testing","UE00298","USR0048","DOC00298","EV-001","verified","uploaded","INC004801"
"synthetic","generated_for_testing","UE00299","USR0049","DOC00299","EV-002","verified","uploaded","INC004901"
"synthetic","generated_for_testing","UE00300","USR0050","DOC00300","EV-003","missing","missing","TXN00050"
"synthetic","generated_for_testing","UE00301","USR0001","DOC00301","EV-004","verified","uploaded","TXN00001"
"synthetic","generated_for_testing","UE00302","USR0002","DOC00302","EV-005","verified","uploaded","INC000201"
"synthetic","generated_for_testing","UE00303","USR0003","DOC00303","EV-006","verified","uploaded","INC000302"
"synthetic","generated_for_testing","UE00304","USR0004","DOC00304","EV-007","missing","missing","TXN00004"
"synthetic","generated_for_testing","UE00305","USR0005","DOC00305","EV-008","verified","uploaded","INC000503"
"synthetic","generated_for_testing","UE00306","USR0006","DOC00306","EV-009","verified","uploaded","TXN00006"
"synthetic","generated_for_testing","UE00307","USR0007","DOC00307","EV-010","verified","uploaded","DEDREC0027"
"synthetic","generated_for_testing","UE00308","USR0008","DOC00308","EV-011","missing","missing","TXN00008"
"synthetic","generated_for_testing","UE00309","USR0009","DOC00309","EV-001","verified","uploaded","INC000901"
"synthetic","generated_for_testing","UE00310","USR0010","DOC00310","EV-002","verified","uploaded","INC001001"
"synthetic","generated_for_testing","UE00311","USR0011","DOC00311","EV-003","verified","uploaded","TXN00011"
"synthetic","generated_for_testing","UE00312","USR0012","DOC00312","EV-004","missing","missing","TXN00012"
"synthetic","generated_for_testing","UE00313","USR0013","DOC00313","EV-005","verified","uploaded","INC001301"
"synthetic","generated_for_testing","UE00314","USR0014","DOC00314","EV-006","verified","uploaded","INC001402"
"synthetic","generated_for_testing","UE00315","USR0015","DOC00315","EV-007","verified","uploaded","TXN00015"
"synthetic","generated_for_testing","UE00316","USR0016","DOC00316","EV-008","missing","missing","TXN00016"
"synthetic","generated_for_testing","UE00317","USR0017","DOC00317","EV-009","verified","uploaded","TXN00017"
"synthetic","generated_for_testing","UE00318","USR0018","DOC00318","EV-010","verified","uploaded","DED0018"
"synthetic","generated_for_testing","UE00319","USR0019","DOC00319","EV-011","verified","uploaded","TXN00019"
"synthetic","generated_for_testing","UE00320","USR0020","DOC00320","EV-001","missing","missing","INC002001"
"synthetic","generated_for_testing","UE00321","USR0021","DOC00321","EV-002","verified","uploaded","INC002101"
"synthetic","generated_for_testing","UE00322","USR0022","DOC00322","EV-003","verified","uploaded","TXN00022"
"synthetic","generated_for_testing","UE00323","USR0023","DOC00323","EV-004","verified","uploaded","TXN00023"
"synthetic","generated_for_testing","UE00324","USR0024","DOC00324","EV-005","missing","missing","INC002401"
"synthetic","generated_for_testing","UE00325","USR0025","DOC00325","EV-006","verified","uploaded","INC002502"
"synthetic","generated_for_testing","UE00326","USR0026","DOC00326","EV-007","verified","uploaded","TXN00026"
"synthetic","generated_for_testing","UE00327","USR0027","DOC00327","EV-008","verified","uploaded","TXN00027"
"synthetic","generated_for_testing","UE00328","USR0028","DOC00328","EV-009","missing","missing","TXN00028"
"synthetic","generated_for_testing","UE00329","USR0029","DOC00329","EV-010","verified","uploaded","TXN00029"
"synthetic","generated_for_testing","UE00330","USR0030","DOC00330","EV-011","verified","uploaded","DED0030"
"synthetic","generated_for_testing","UE00331","USR0031","DOC00331","EV-001","verified","uploaded","INC003101"
"synthetic","generated_for_testing","UE00332","USR0032","DOC00332","EV-002","missing","missing","INC003201"
"synthetic","generated_for_testing","UE00333","USR0033","DOC00333","EV-003","verified","uploaded","TXN00033"
"synthetic","generated_for_testing","UE00334","USR0034","DOC00334","EV-004","verified","uploaded","TXN00034"
"synthetic","generated_for_testing","UE00335","USR0035","DOC00335","EV-005","verified","uploaded","INC003501"
"synthetic","generated_for_testing","UE00336","USR0036","DOC00336","EV-006","missing","missing","INC003602"
"synthetic","generated_for_testing","UE00337","USR0037","DOC00337","EV-007","verified","uploaded","TXN00037"
"synthetic","generated_for_testing","UE00338","USR0038","DOC00338","EV-008","verified","uploaded","TXN00038"
"synthetic","generated_for_testing","UE00339","USR0039","DOC00339","EV-009","verified","uploaded","TXN00039"
"synthetic","generated_for_testing","UE00340","USR0040","DOC00340","EV-010","missing","missing","DEDREC0024"
"synthetic","generated_for_testing","UE00341","USR0041","DOC00341","EV-011","verified","uploaded","TXN00041"
"synthetic","generated_for_testing","UE00342","USR0042","DOC00342","EV-001","verified","uploaded","INC004201"
"synthetic","generated_for_testing","UE00343","USR0043","DOC00343","EV-002","verified","uploaded","INC004301"
"synthetic","generated_for_testing","UE00344","USR0044","DOC00344","EV-003","missing","missing","TXN00044"
"synthetic","generated_for_testing","UE00345","USR0045","DOC00345","EV-004","verified","uploaded","TXN00045"
"synthetic","generated_for_testing","UE00346","USR0046","DOC00346","EV-005","verified","uploaded","INC004601"
"synthetic","generated_for_testing","UE00347","USR0047","DOC00347","EV-006","verified","uploaded","INC004702"
"synthetic","generated_for_testing","UE00348","USR0048","DOC00348","EV-007","missing","missing","TXN00048"
"synthetic","generated_for_testing","UE00349","USR0049","DOC00349","EV-008","verified","uploaded","TXN00049"
"synthetic","generated_for_testing","UE00350","USR0050","DOC00350","EV-009","verified","uploaded","INC005003"
"synthetic","generated_for_testing","UE00351","USR0001","DOC00351","EV-010","verified","uploaded","TXN00001"
"synthetic","generated_for_testing","UE00352","USR0002","DOC00352","EV-011","missing","missing","TXN00002"
"synthetic","generated_for_testing","UE00353","USR0003","DOC00353","EV-001","verified","uploaded","INC000301"
"synthetic","generated_for_testing","UE00354","USR0004","DOC00354","EV-002","verified","uploaded","INC000401"
"synthetic","generated_for_testing","UE00355","USR0005","DOC00355","EV-003","verified","uploaded","TXN00005"
"synthetic","generated_for_testing","UE00356","USR0006","DOC00356","EV-004","missing","missing","TXN00006"
"synthetic","generated_for_testing","UE00357","USR0007","DOC00357","EV-005","verified","uploaded","INC000701"
"synthetic","generated_for_testing","UE00358","USR0008","DOC00358","EV-006","verified","uploaded","INC000802"
"synthetic","generated_for_testing","UE00359","USR0009","DOC00359","EV-007","verified","uploaded","TXN00009"
"synthetic","generated_for_testing","UE00360","USR0010","DOC00360","EV-008","missing","missing","INC001003"
"synthetic","generated_for_testing","UE00361","USR0011","DOC00361","EV-009","verified","uploaded","TXN00011"
"synthetic","generated_for_testing","UE00362","USR0012","DOC00362","EV-010","verified","uploaded","DED0012"
"synthetic","generated_for_testing","UE00363","USR0013","DOC00363","EV-011","verified","uploaded","TXN00013"
"synthetic","generated_for_testing","UE00364","USR0014","DOC00364","EV-001","missing","missing","INC001401"
"synthetic","generated_for_testing","UE00365","USR0015","DOC00365","EV-002","verified","uploaded","INC001501"
"synthetic","generated_for_testing","UE00366","USR0016","DOC00366","EV-003","verified","uploaded","TXN00016"
"synthetic","generated_for_testing","UE00367","USR0017","DOC00367","EV-004","verified","uploaded","TXN00017"
"synthetic","generated_for_testing","UE00368","USR0018","DOC00368","EV-005","missing","missing","INC001801"
"synthetic","generated_for_testing","UE00369","USR0019","DOC00369","EV-006","verified","uploaded","INC001902"
"synthetic","generated_for_testing","UE00370","USR0020","DOC00370","EV-007","verified","uploaded","TXN00020"
"synthetic","generated_for_testing","UE00371","USR0021","DOC00371","EV-008","verified","uploaded","TXN00021"
"synthetic","generated_for_testing","UE00372","USR0022","DOC00372","EV-009","missing","missing","TXN00022"
"synthetic","generated_for_testing","UE00373","USR0023","DOC00373","EV-010","verified","uploaded","TXN00023"
"synthetic","generated_for_testing","UE00374","USR0024","DOC00374","EV-011","verified","uploaded","DED0024"
"synthetic","generated_for_testing","UE00375","USR0025","DOC00375","EV-001","verified","uploaded","INC002501"
"synthetic","generated_for_testing","UE00376","USR0026","DOC00376","EV-002","missing","missing","INC002601"
"synthetic","generated_for_testing","UE00377","USR0027","DOC00377","EV-003","verified","uploaded","TXN00027"
"synthetic","generated_for_testing","UE00378","USR0028","DOC00378","EV-004","verified","uploaded","TXN00028"
"synthetic","generated_for_testing","UE00379","USR0029","DOC00379","EV-005","verified","uploaded","INC002901"
"synthetic","generated_for_testing","UE00380","USR0030","DOC00380","EV-006","missing","missing","INC003002"
"synthetic","generated_for_testing","UE00381","USR0031","DOC00381","EV-007","verified","uploaded","TXN00031"
"synthetic","generated_for_testing","UE00382","USR0032","DOC00382","EV-008","verified","uploaded","TXN00032"
"synthetic","generated_for_testing","UE00383","USR0033","DOC00383","EV-009","verified","uploaded","TXN00033"
"synthetic","generated_for_testing","UE00384","USR0034","DOC00384","EV-010","missing","missing","TXN00034"
"synthetic","generated_for_testing","UE00385","USR0035","DOC00385","EV-011","verified","uploaded","DEDREC0023"
"synthetic","generated_for_testing","UE00386","USR0036","DOC00386","EV-001","verified","uploaded","INC003601"
"synthetic","generated_for_testing","UE00387","USR0037","DOC00387","EV-002","verified","uploaded","INC003701"
"synthetic","generated_for_testing","UE00388","USR0038","DOC00388","EV-003","missing","missing","TXN00038"
"synthetic","generated_for_testing","UE00389","USR0039","DOC00389","EV-004","verified","uploaded","TXN00039"
"synthetic","generated_for_testing","UE00390","USR0040","DOC00390","EV-005","verified","uploaded","INC004001"
"synthetic","generated_for_testing","UE00391","USR0041","DOC00391","EV-006","verified","uploaded","INC004102"
"synthetic","generated_for_testing","UE00392","USR0042","DOC00392","EV-007","missing","missing","LOAN0042"
"synthetic","generated_for_testing","UE00393","USR0043","DOC00393","EV-008","verified","uploaded","TXN00043"
"synthetic","generated_for_testing","UE00394","USR0044","DOC00394","EV-009","verified","uploaded","TXN00044"
"synthetic","generated_for_testing","UE00395","USR0045","DOC00395","EV-010","verified","uploaded","DED0045"
"synthetic","generated_for_testing","UE00396","USR0046","DOC00396","EV-011","missing","missing","TXN00046"
"synthetic","generated_for_testing","UE00397","USR0047","DOC00397","EV-001","verified","uploaded","INC004701"
"synthetic","generated_for_testing","UE00398","USR0048","DOC00398","EV-002","verified","uploaded","INC004801"
"synthetic","generated_for_testing","UE00399","USR0049","DOC00399","EV-003","verified","uploaded","TXN00049"
"synthetic","generated_for_testing","UE00400","USR0050","DOC00400","EV-004","missing","missing","TXN00050"
