"evidence_id","financial_event","tax_section","evidence_type","document_type_id","mandatory","conditions","verification_method","source_name","source_url","source_reference","assessment_year","verification_status"
"EV-001","salary","","Form 16","DOC-T-001","SUPPORTING","Keep ready if applicable for ITR filing; source does not label it mandatory.","Match taxpayer document to income/deduction/transaction record.","File ITR-4 (Sugam) Online FAQs","https://www.incometax.gov.in/iec/foportal/help/all-topics/e-filing-services/itr%204-faqs","Q8 documents to keep ready","2026-27","VERIFIED"
"EV-002","tds_income","","Form 16A","DOC-T-002","SUPPORTING","Keep ready if applicable for ITR filing; source does not label it mandatory.","Match taxpayer document to income/deduction/transaction record.","File ITR-4 (Sugam) Online FAQs","https://www.incometax.gov.in/iec/foportal/help/all-topics/e-filing-services/itr%204-faqs","Q8 documents to keep ready","2026-27","VERIFIED"
"EV-003","tax_reconciliation","","Form 26AS","DOC-T-003","SUPPORTING","Keep ready if applicable for ITR filing; source does not label it mandatory.","Match taxpayer document to income/deduction/transaction record.","File ITR-4 (Sugam) Online FAQs","https://www.incometax.gov.in/iec/foportal/help/all-topics/e-filing-services/itr%204-faqs","Q8 documents to keep ready","2026-27","VERIFIED"
"EV-004","tax_reconciliation","","AIS","DOC-T-004","SUPPORTING","Keep ready if applicable for ITR filing; source does not label it mandatory.","Match taxpayer document to income/deduction/transaction record.","File ITR-4 (Sugam) Online FAQs","https://www.incometax.gov.in/iec/foportal/help/all-topics/e-filing-services/itr%204-faqs","Q8 documents to keep ready","2026-27","VERIFIED"
"EV-005","salary","","Pay Slip","DOC-T-005","SUPPORTING","Keep ready if applicable for ITR filing; source does not label it mandatory.","Match taxpayer document to income/deduction/transaction record.","File ITR-4 (Sugam) Online FAQs","https://www.incometax.gov.in/iec/foportal/help/all-topics/e-filing-services/itr%204-faqs","Q8 documents to keep ready","2026-27","VERIFIED"
"EV-006","bank_interest","","Bank Statement","DOC-T-006","SUPPORTING","Keep ready if applicable for ITR filing; source does not label it mandatory.","Match taxpayer document to income/deduction/transaction record.","File ITR-4 (Sugam) Online FAQs","https://www.incometax.gov.in/iec/foportal/help/all-topics/e-filing-services/itr%204-faqs","Q8 documents to keep ready","2026-27","VERIFIED"
"EV-007","home_loan_interest","24(b)","Housing Loan Interest Certificate","DOC-T-007","SUPPORTING","Keep ready if applicable for ITR filing; source does not label it mandatory.","Match taxpayer document to income/deduction/transaction record.","File ITR-4 (Sugam) Online FAQs","https://www.incometax.gov.in/iec/foportal/help/all-topics/e-filing-services/itr%204-faqs","Q8 documents to keep ready","2026-27","VERIFIED"
"EV-008","rental_income","","House Rent Receipt","DOC-T-008","SUPPORTING","Keep ready if applicable for ITR filing; source does not label it mandatory.","Match taxpayer document to income/deduction/transaction record.","File ITR-4 (Sugam) Online FAQs","https://www.incometax.gov.in/iec/foportal/help/all-topics/e-filing-services/itr%204-faqs","Q8 documents to keep ready","2026-27","VERIFIED"
"EV-009","rental_income","","Rental Agreement","DOC-T-009","SUPPORTING","Keep ready if applicable for ITR filing; source does not label it mandatory.","Match taxpayer document to income/deduction/transaction record.","File ITR-4 (Sugam) Online FAQs","https://www.incometax.gov.in/iec/foportal/help/all-topics/e-filing-services/itr%204-faqs","Q8 documents to keep ready","2026-27","VERIFIED"
"EV-010","donation","80G","Donation Receipt","DOC-T-010","SUPPORTING","Keep ready if applicable for ITR filing; source does not label it mandatory.","Match taxpayer document to income/deduction/transaction record.","File ITR-4 (Sugam) Online FAQs","https://www.incometax.gov.in/iec/foportal/help/all-topics/e-filing-services/itr%204-faqs","Q8 documents to keep ready","2026-27","VERIFIED"
"EV-011","investment_deduction","80C","Investment or premium payment receipt","DOC-T-011","SUPPORTING","Keep ready if applicable for ITR filing; source does not label it mandatory.","Match taxpayer document to income/deduction/transaction record.","File ITR-4 (Sugam) Online FAQs","https://www.incometax.gov.in/iec/foportal/help/all-topics/e-filing-services/itr%204-faqs","Q8 documents to keep ready","2026-27","VERIFIED"
"EV-012","freelance_income","194J","Invoice or Professional Contract","DOC-T-013","SUPPORTING","Expected for freelance/professional income and TDS reconciliation where applicable.","Match payer; amount; date; and TDS certificate to income record.","Income Tax Department - File ITR-2 Online","https://www.incometax.gov.in/iec/foportal/help/all-topics/e-filing-services/file-itr-2-online","Documents to keep ready; supported project reconciliation workflow","2026-27","VERIFIED"
"EV-013","business_income","28","Invoice or Professional Contract","DOC-T-013","SUPPORTING","Expected for actual-profit business/profession workflow.","Match income and expense record to business source document.","Income Tax Department - File ITR-2 Online","https://www.incometax.gov.in/iec/foportal/help/all-topics/e-filing-services/file-itr-2-online","Documents to keep ready; supported project evidence workflow","2026-27","VERIFIED"
"EV-014","dividend_income","194","Form 16A","DOC-T-002","SUPPORTING","Expected where dividend TDS applies.","Match payer; dividend income; and TDS to Form 16A or Form 26AS.","Income Tax Department - Rule 31","https://wmstatic-prd.incometaxindia.gov.in/web/guest/w/rule-31-6","Form 16A for TDS other than salary","2026-27","VERIFIED"
"EV-015","capital_gain","111A or 112A","Contract Note or Broker Statement","DOC-T-014","SUPPORTING","Expected for supported listed-equity capital gain.","Match asset; purchase date; sale date; consideration; and STT indicator to capital-gain record.","Income Tax Department - Capital Gain","https://www.incometaxindia.gov.in/w/capital-gain","Capital-gain computation and Schedule 112A workflow","2026-27","VERIFIED"
"EV-016","tax_payment","140A or 211","Tax Payment Challan","DOC-T-015","SUPPORTING","Expected when advance or self-assessment tax payment is recorded.","Match challan amount; payment date; and payment reference to obligation.","Income Tax Department - Section 140A","https://www.incometaxindia.gov.in/w/section-140a-4","Payment proof requirement","2026-27","VERIFIED"
"EV-017","health_insurance","80D","Investment or premium payment receipt","DOC-T-011","SUPPORTING","Expected for section 80D claim under old regime.","Match insured person category; premium; payment mode; and policy evidence.","Income Tax Department - Section 80D","https://www.incometaxindia.gov.in/w/section-80d-62","Section 80D eligible premium conditions","2026-27","VERIFIED"
